gatewayAddress,observerAddress,operatorStake,fqdn,port,protocol,allowDelegatedStaking,delegateRewardShareRatio,allowedDelegates,minDelegatedStake,autoStake,label,note,properties,status,failedConsecutiveEpochsCount
-8vuAsABW0IBfjhJZWyHWNu2DLudkY72t-dOV5-GibY,77ebJSQPDSIDvD6-eZe5qJZf-OguWxWLgqyPlSZBx3g,10000000000,ario.apus.network,443,https,false,0,,500000000,true,ARIO & APUS  Gateway,No,FH1aVetOoulPGqgYukj0VE0wIhDy90WiQoV3U2PeY44,joined,
iyCclzxNP5pWKCynz0hBZHyxDcdGt_h6F2QX457jVxk,iyCclzxNP5pWKCynz0hBZHyxDcdGt_h6F2QX457jVxk,10000000000,gateways.node-ar.blockops.network,443,https,false,0,,500000000,true,Blockops Network,Blockops Network joining AR testnet network,FH1aVetOoulPGqgYukj0VE0wIhDy90WiQoV3U2PeY44,joined,
jXkd1FS69O0vT4jrTKJgYDeblLS8wcTeif2ZBgruFIQ,jXkd1FS69O0vT4jrTKJgYDeblLS8wcTeif2ZBgruFIQ,10165136431,gw1.iad.globalstake.cloud,443,https,true,10,,10000000,true,GlobalStake,Owned and operated by GlobalStake. Bare-metal. Carbon-negative. SOC 2 Type II certified. Learn more at globalstake.io,FH1aVetOoulPGqgYukj0VE0wIhDy90WiQoV3U2PeY44,joined,
uVOjyKg5SMzjHjqBz6VVoMi0Fz09ReBhPvNbD8RIFjM,Gy6ayY8lfSjUT_MGOk9QAiGq0oOAHs0FAMjQgYQBk-8,10166136431,mapp.lol,443,https,false,0,,500000000,true,mapp.lol,mapplol,FH1aVetOoulPGqgYukj0VE0wIhDy90WiQoV3U2PeY44,joined,
43TwX9qgcc1ISnk2wdSZ8p54dEpNwpDh39rrur6pnRc,43TwX9qgcc1ISnk2wdSZ8p54dEpNwpDh39rrur6pnRc,10165136431,ar.4everland.io,443,https,true,10,,500000000,true,4EVERLAND,Owned and operated by 4everland.,FH1aVetOoulPGqgYukj0VE0wIhDy90WiQoV3U2PeY44,joined,
lYYl7-mGPli0bKFKdzEZdmkDswcvMSskG5bjRV5nq_Y,7FpLr1VK12PcR9qM_3JpUQxbZckNwVXiaJkIYFGBT4o,10497033633,ario-gateway.nethermind.dev,443,https,false,0,,500000000,true,Nethermind,Nethermind,FH1aVetOoulPGqgYukj0VE0wIhDy90WiQoV3U2PeY44,joined,
psh5nUh3VF22Pr8LeoV1K2blRNOOnoVH0BbZ85yRick,OtXnAB1qGr4RLi5uL1Wif5rR9WnQk3upElaVoKpQBOk,10033167851,arfrost.xyz,443,https,true,90,,10000000,true,ArFrost,This gateway was created by LiquidOps.io, but should not be treated as a production grade gateway. ,FH1aVetOoulPGqgYukj0VE0wIhDy90WiQoV3U2PeY44,joined,
JckL0gGb5prOKo7jOwBPAk7YJHC2plZeEGdVi-YsblU,JckL0gGb5prOKo7jOwBPAk7YJHC2plZeEGdVi-YsblU,10531293881,daemongate.io,443,https,true,69,,10000000,true,daemongate,The Kardeshevian Gate | Owned and operated by Atticus,FH1aVetOoulPGqgYukj0VE0wIhDy90WiQoV3U2PeY44,joined,
KyB0PQqmdSwkuwaS5NTkQGUCT3DkYvgip_dKtSbIOSs,KyB0PQqmdSwkuwaS5NTkQGUCT3DkYvgip_dKtSbIOSs,10828943056,a0labs.xyz,443,https,true,15,,500000000,true,a0labs,a0labs,FH1aVetOoulPGqgYukj0VE0wIhDy90WiQoV3U2PeY44,joined,
uzESID1JQp8m4RO7YjfVZ8eWtRsSrxLp1SilTj7psB8,pZkvXGaicIvbxLRM7PiiO3AV-F3dQbas-Vp7sH71xOE,61079508610,bobinstein.com,443,https,true,20,,100000000,true,Bob's Gateway,Operated by Bob, served via StarLink,FH1aVetOoulPGqgYukj0VE0wIhDy90WiQoV3U2PeY44,joined,
P6giG-7b5Asb0S_Xx1rdNlyAOnCIxpo_5zJ_OxsSTFo,P6giG-7b5Asb0S_Xx1rdNlyAOnCIxpo_5zJ_OxsSTFo,11247249065,williams-ario.xyz,443,https,true,30,,100000000,true,williams ario,First note,FH1aVetOoulPGqgYukj0VE0wIhDy90WiQoV3U2PeY44,joined,
sgwcpaMBBy1St_I-sczkueEREOuDTt74JAOBE4mHFCw,sgwcpaMBBy1St_I-sczkueEREOuDTt74JAOBE4mHFCw,10000000000,arweave.ranartech.com,443,https,false,0,,500000000,true,Ranartec,Ar.io validator node from Ranartec,FH1aVetOoulPGqgYukj0VE0wIhDy90WiQoV3U2PeY44,joined,
U07YUfIcGwvNVB912Nza4YRty-XO0a6aZ8AlRTNb0zs,2Z70O6RWkDa2Az7LOtr9XdoDvS7_WY5KX7ZXiKu_sPI,10917625899,bababum.online,443,https,true,10,,10000000,false,Bababum,RuesCommunity,FH1aVetOoulPGqgYukj0VE0wIhDy90WiQoV3U2PeY44,joined,
AKnCN9K5bDyAKDdxnVBVVI5tz8ziI4KTPd5N8uN1gio,AKnCN9K5bDyAKDdxnVBVVI5tz8ziI4KTPd5N8uN1gio,11584735215,testnet-ar-node.chainbase.online,443,https,true,5,,10000000,true,Chainbase Staking,Chainbase Staking,FH1aVetOoulPGqgYukj0VE0wIhDy90WiQoV3U2PeY44,joined,
yGdvlPVSUcGtQHin3lKdFO_FQOIpRO-xHM9bX0nn8II,ddu5Qb2h_YyBR7sFKzoD7fr-diLKRCiipbCFpUFRI5Q,10071305602,arweave.nyc,443,https,true,15,,500000000,true,arweave.nyc,An Arweave New York Gateway by El T√≠o. ,FH1aVetOoulPGqgYukj0VE0wIhDy90WiQoV3U2PeY44,joined,
RBTNdj2oUNaExlPMId7kgWv_wXC0qsgGhcU51dgOKy4,RBTNdj2oUNaExlPMId7kgWv_wXC0qsgGhcU51dgOKy4,10310265098,cryptolog.space,443,https,true,13,,10000000,false,CryptoLog,The magical node of CryptoLog,FH1aVetOoulPGqgYukj0VE0wIhDy90WiQoV3U2PeY44,joined,
Vqb4Ggu6n3fP8lRbgz-I2AYhyRgB_6DzRNUs7EbTmwQ,AKJf6Ad5OXN0Hc7Q-HHtF9qzjV5Y3V8gnBpJTiEhnpM,10818931821,ario.oceanprotocol.com,443,https,true,95,,10000000,true,OceanProtocol,OceanProtocol,FH1aVetOoulPGqgYukj0VE0wIhDy90WiQoV3U2PeY44,joined,
vzrsUNMg17WFPmh73xZguPbn_cZzqnef3btvmn6-YDk,vzrsUNMg17WFPmh73xZguPbn_cZzqnef3btvmn6-YDk,11952082674,arweave.zelf.world,443,https,true,40,,50000000,true,Zelf,Zelf Name Service > https://zelf.world,FH1aVetOoulPGqgYukj0VE0wIhDy90WiQoV3U2PeY44,joined,
N3i66WZpJVNLtgLJ9-VmhK1QcQa964jIPJkPD_9BTOQ,N3i66WZpJVNLtgLJ9-VmhK1QcQa964jIPJkPD_9BTOQ,10000000000,byzantiumhub.com,443,https,false,0,,500000000,true,byzantiumhub,byzantiumhub,FH1aVetOoulPGqgYukj0VE0wIhDy90WiQoV3U2PeY44,joined,
jqBFZmyKxLi83Nf7f7HQYasxTMTztggaKtOifp5oSxs,tJWsUi-XhrHQzJCgJgpJolBRjfA1Jbi3uOLtU_XUTaE,12344503551,ibrahimdirik.xyz,443,https,true,10,,100000000,true,ibrahimdirik,ibrahimdirik,FH1aVetOoulPGqgYukj0VE0wIhDy90WiQoV3U2PeY44,joined,
NDObkAOsMajzxX_BlLTXkV5tv6NasLojpk8WD-OrfDA,_YGfxAlvCH2f5yRtdhy4hseGCszI52LHrRE2LlJcvv4,12869472216,upin3.fullnode.agency,443,https,true,0,,10000000,true,Up-In-321,We will be right up! give us 3 seconds for max resolve time 100%,FH1aVetOoulPGqgYukj0VE0wIhDy90WiQoV3U2PeY44,joined,
6fxoZGkI9FRLcYu-yze0T198ktAaUvwi56G-3QDtEug,TJbHG2vQJV2gif_feeMZJuB9GiZjkHzjzI5G0STm6eM,12642803080,go2.fullnode.agency,443,https,true,10,,10000000,true,Go2Us,We R who U should go 2,FH1aVetOoulPGqgYukj0VE0wIhDy90WiQoV3U2PeY44,joined,
RQbIsdPpKShzE_juXB4e0YL2b_AGCieF2tKh2uUWg7M,RQbIsdPpKShzE_juXB4e0YL2b_AGCieF2tKh2uUWg7M,12738944211,best1.fullnode.agency,443,https,true,5,,10000000,true,Thebest1,Coming clean off that Benjamin high! We will serve ya anything ya want mon,FH1aVetOoulPGqgYukj0VE0wIhDy90WiQoV3U2PeY44,joined,
r4Gcd7DgThIwtBTARKo_7epdWnrp6oFTb7qhYxYhycs,6b5rWgidUL4FDxe3OTJHfKf7degaXJ-ze2Qc9_KEYmI,12486022891,permadao.io,443,https,true,20,,100000000,true,PermaDAO,Owned and operated by PermaDAO(https://permadao.com),FH1aVetOoulPGqgYukj0VE0wIhDy90WiQoV3U2PeY44,joined,
WD2M7uCkX_5wrgR1FntjAkU1iyZQ5ssIhAfeosPhmFw,WD2M7uCkX_5wrgR1FntjAkU1iyZQ5ssIhAfeosPhmFw,10651836195,weavedb.app,443,https,true,35,,10000000,true,WeaveDB,Operated by WeaveDB.,FH1aVetOoulPGqgYukj0VE0wIhDy90WiQoV3U2PeY44,joined,
6JBkDWwcdzwe7-8QllMqhYYgLALeVDcUdSb5vK16lG0,bWy72esjl9K16X-P4v3fha-R99uKpxA4fi0nGpttStA,19936932047,zigza.xyz,443,https,true,95,,10000000,true,Zigza,üíé Competitive Rewards üöÄ Fast & Reliable üõ°Ô∏è Secure & Stable,FH1aVetOoulPGqgYukj0VE0wIhDy90WiQoV3U2PeY44,joined,
_oRyRg0Iq0FDnXZCwdMM2eFdcjytN0LDdVmQ-D8fju0,lvjwq6Li6CBACaV7Wn8LLIj72XMMBNwZHPei9Sit2dQ,12385142694,perma.surf,443,https,true,9,,81000000,true,Perma Surf,Perma Surf is the decentralized search engine revolutionizing data retrieval on Arweave. Stake with us to power the future of censorship-resistant search and scalable ARIO Gateways.,FH1aVetOoulPGqgYukj0VE0wIhDy90WiQoV3U2PeY44,joined,
TBII5416lhAOttAtKiIgsUAEAiIQ3XU8VqwHAUpCZK4,Oa29VaMnzz140hg5Bsd8R-xNJ_yunPoULph_C1fiy3M,10000000000,avocadio.xyz,443,https,true,10,,100000000,false,avocadio,sup,FH1aVetOoulPGqgYukj0VE0wIhDy90WiQoV3U2PeY44,joined,
3dTBoAtr9RA0DhNihHvcbInbsMO9nKscXyXarQ82uEM,lqYA3FQq8H6t5xXc6A4bOGxEW6H2lr0EXnR49tDpeuU,22374744858,mz2gateway.online,443,https,true,5,,5000000000,true,mz2,nice day,FH1aVetOoulPGqgYukj0VE0wIhDy90WiQoV3U2PeY44,joined,
BsOXPQVCOQaWA3HgjFb2ZtsdccxmGvfv2YxAiEUgQIY,XR8cKlu6QsVbEMphx75anqUa72PJ6KIl_HJfF3iuoSo,17541026532,ar.aosphere.xyz,443,https,true,25,,100000000,false,aoSphere,Powering communities, amplifying innovation, and building AI-driven futures on aoTheComputer. (join the @SEND_ao culture ) Don't miss out, follow us on X @aoSphereX. https://x.com/@aoSphereX,FH1aVetOoulPGqgYukj0VE0wIhDy90WiQoV3U2PeY44,joined,
KsHdxewU2qgzXbjT7dqRbpnKEuRuuP5NcbSSw7n9zB4,KsHdxewU2qgzXbjT7dqRbpnKEuRuuP5NcbSSw7n9zB4,10432461669,ar-we-ave-ao.online,443,https,true,13,,10000000,false,We aRe AO,Ar we Ave ? Or We Are AO ? ,FH1aVetOoulPGqgYukj0VE0wIhDy90WiQoV3U2PeY44,joined,
FohHo9KFh_Iile__M70tRJYLrVgdmUgcnBYaLXdL5Rc,FohHo9KFh_Iile__M70tRJYLrVgdmUgcnBYaLXdL5Rc,13037520528,ar.xyz,443,https,true,20,,10000000,true,ar.xyz,Gateway to the permaweb. One of many.,FH1aVetOoulPGqgYukj0VE0wIhDy90WiQoV3U2PeY44,joined,
KwA-r59R73NDZTKaJmjvk2B4dP2RrtOrmy9RjKH1w6M,KwA-r59R73NDZTKaJmjvk2B4dP2RrtOrmy9RjKH1w6M,10431578179,d-ao.site,443,https,true,14,,10000000,false,D-AO,We Are D-Ao,FH1aVetOoulPGqgYukj0VE0wIhDy90WiQoV3U2PeY44,joined,
YkL8yE2XW5Bq7Zspx_xpiQhEWlcBWBWFaLENAgZIn9s,YkL8yE2XW5Bq7Zspx_xpiQhEWlcBWBWFaLENAgZIn9s,10415624060,aoshield.xyz,443,https,true,16,,10000000,false,AoCosmoS,In AoCosmos , We Trust. ,FH1aVetOoulPGqgYukj0VE0wIhDy90WiQoV3U2PeY44,joined,
TEHjbg0NBCTOx49dbFOyL7v-ljT3LykMtsG4lGEfERs,TEHjbg0NBCTOx49dbFOyL7v-ljT3LykMtsG4lGEfERs,13187634151,iamhodling.org,443,https,false,0,,500000000,true,iamhodling,iamhodling,FH1aVetOoulPGqgYukj0VE0wIhDy90WiQoV3U2PeY44,joined,
in_z1k6wRUY7huEBXx6cn2i2F8eAiTI1fH8JxTlXEMM,in_z1k6wRUY7huEBXx6cn2i2F8eAiTI1fH8JxTlXEMM,13898320997,arweave.chat,443,https,true,1,,10000000,true,Arweave Chat,Arweave Chat,FH1aVetOoulPGqgYukj0VE0wIhDy90WiQoV3U2PeY44,joined,
mhJeINFvcvoqV7H6AO7I0-jbLhcj4pBUPizJ03sYWts,9XUgkVC4BFvN0whmziCAJwQIOwhwx1rAaUO4NmI9OPk,11556913787,r4dn.site,443,https,true,10,,10000000,false,r4dn,always be OK,FH1aVetOoulPGqgYukj0VE0wIhDy90WiQoV3U2PeY44,joined,
3L1b04cEvPoHC_vLhCddofdjqDyGaA7sozxn8VJUcNY,3L1b04cEvPoHC_vLhCddofdjqDyGaA7sozxn8VJUcNY,15053177511,bilolbaba.space,443,https,true,61,,10000000,true,bilolbabagate, best of the gate,FH1aVetOoulPGqgYukj0VE0wIhDy90WiQoV3U2PeY44,joined,
qOKdOncgYREg1mt5eDeHvh0LZUpReI4FvehkYZ6-mcA,aTNB1r_V0HC0m8lEkGiTmvxRjp4q59QIUzizdwB7Nik,11208766318,zaurmammadov.xyz,443,https,true,10,,10000000,false,zaurmammadov,ZAUR,FH1aVetOoulPGqgYukj0VE0wIhDy90WiQoV3U2PeY44,joined,
KD0xmG2U1kjkkaPZNCZQSirZOSnxKV0OoBSXsUgA_6s,KD0xmG2U1kjkkaPZNCZQSirZOSnxKV0OoBSXsUgA_6s,12911993304,renecrypt.space,443,https,true,10,,10000000,true,renegate,best of the gate,FH1aVetOoulPGqgYukj0VE0wIhDy90WiQoV3U2PeY44,joined,
l5wmMZJv6cXuJxlvjf6RkErudcWQfosBc7b5Gx7gCsU,l5wmMZJv6cXuJxlvjf6RkErudcWQfosBc7b5Gx7gCsU,15073052574,ar.omron.ai,443,https,true,5,,10000000,true,omron gateway,For support of SN2 Proof of Weights and Bittensor Gateway. By Inference Labs.,FH1aVetOoulPGqgYukj0VE0wIhDy90WiQoV3U2PeY44,joined,
LXGA2GXkTUkrK5wZ9xVU7-mUD8UOZrfk8qkOAiexEcU,LXGA2GXkTUkrK5wZ9xVU7-mUD8UOZrfk8qkOAiexEcU,14305289324,defi.ao,443,https,false,0,,500000000,true,autonomous finance,autonomous gateway technology,FH1aVetOoulPGqgYukj0VE0wIhDy90WiQoV3U2PeY44,joined,
TMXcVEAvy2e7cFwd0qMMsoYSjVPYRuNFHj-yxC45Hy0,TMXcVEAvy2e7cFwd0qMMsoYSjVPYRuNFHj-yxC45Hy0,14364647855,medyoz.com,443,https,true,2,,10000000,true,Medyoz,1337,FH1aVetOoulPGqgYukj0VE0wIhDy90WiQoV3U2PeY44,joined,
iORpSqCysUfCzjXGaYsjyzaznEE16r13PJ-bUPRpp5w,iORpSqCysUfCzjXGaYsjyzaznEE16r13PJ-bUPRpp5w,10000000000,djeveras.xyz,443,https,true,15,,10000000,false,Saver,DA,FH1aVetOoulPGqgYukj0VE0wIhDy90WiQoV3U2PeY44,joined,
YlprxxUDtRCP2Ewfn5qEOQ0j1w_qLc9R6V6TnZ9HNSU,Z8tMmVTR-BGk9jqRwXb1_i_1Fb4xEBs4w8-1KdkAoHQ,14344213105,dlzvy.fun,443,https,true,10,,10000000,true,dlzvy-ar.io,we are still early,QQ8K-mjnoA2rLiQ92dswkb9tsIwWIMZkbU7arMRC_Ws,joined,
BZL3xWpQPPupW4JIKjjxfiImkRAUl7HEqPTb3DMZjxE,BZL3xWpQPPupW4JIKjjxfiImkRAUl7HEqPTb3DMZjxE,11362567707,elcinbitcoin.xyz,443,https,true,0,,10000000,false,Elcintr.ar,Elcin,FH1aVetOoulPGqgYukj0VE0wIhDy90WiQoV3U2PeY44,joined,
JiXiLwTXFXP0hdfL3gyIV960D4sTC1Bk_KUO1P1-jv4,JiXiLwTXFXP0hdfL3gyIV960D4sTC1Bk_KUO1P1-jv4,14274378531,logosnodos.xyz,443,https,true,7,,10000000,true,logosnodos,STAKE & EARN WITH US Achieve Passive Income with Stake Funds - Monitored 24/7,FH1aVetOoulPGqgYukj0VE0wIhDy90WiQoV3U2PeY44,joined,
QOY4q7W-24b-KIJ2-onO0kHGA73cnlWkvKp1--dt27Q,QOY4q7W-24b-KIJ2-onO0kHGA73cnlWkvKp1--dt27Q,10195178325,derad.network,443,https,true,95,,10000000,false,Derad Network (derad.net),This gateway node is provided by Derad Network team,FH1aVetOoulPGqgYukj0VE0wIhDy90WiQoV3U2PeY44,joined,
0RWuHL1469WYh146-x-5IKtes0WQweqv8d9OehyxFKw,47xGmSGVVhiBnlyKORUHwR5lFYgfXtX_xOxUuVn7ZZs,19923852416,1337pump.lol,443,https,true,17,,10000000,false,1337,1337,FH1aVetOoulPGqgYukj0VE0wIhDy90WiQoV3U2PeY44,joined,
fK6tkB2gfnxAaRhCghuO2Rm1wgaKcdRDClES0u_-jaE,9In6CYcWT4BuBK4nOP4vDqfwq48a1j3UDoH_ArBUogo,15076542590,codehodl.xyz,443,https,true,12,,500000000,true,Code HODL,Guardian node with additional services on top to be built soon,FH1aVetOoulPGqgYukj0VE0wIhDy90WiQoV3U2PeY44,joined,
jrXpso-cLOsuclJM3kwLrSY-X8MbfBNMs0AJbqVIKgU,x0U0UN3YqaAE5nMMRoYPR8c6EvFOTA5M5UqJ1e7S5_c,14951802490,vela-gateway.com,443,https,false,0,,500000000,true,Vela Ventures,Official Vela Ventures Gateway,FH1aVetOoulPGqgYukj0VE0wIhDy90WiQoV3U2PeY44,joined,
4ncmHw9ZNRTVyrptYgJdWInoq75Rbx_u4Qlvq-PSrBI,4ncmHw9ZNRTVyrptYgJdWInoq75Rbx_u4Qlvq-PSrBI,11574848004,fromartoao.xyz,443,https,true,12,,10000000,false,Dr.TesTneT,Guardion of the Permaweb.,FH1aVetOoulPGqgYukj0VE0wIhDy90WiQoV3U2PeY44,joined,
4-mp3nYhEFgR9tehIwujKnJjgpe0yiRbGdGgTcbsXAc,4-mp3nYhEFgR9tehIwujKnJjgpe0yiRbGdGgTcbsXAc,11706939461,perma-web.xyz,443,https,true,16,,10000000,false,Perma-Web,Message for future: You were right ,FH1aVetOoulPGqgYukj0VE0wIhDy90WiQoV3U2PeY44,joined,
0R_6gCL6OZieUp36ubA_KeGcFeVsiLUCZOsL5NAuQYo,0R_6gCL6OZieUp36ubA_KeGcFeVsiLUCZOsL5NAuQYo,52363814387,g8way.0rbit.co,443,https,true,50,,10000000,true,0rbit,Gateway is operated by: https://0rbit.co,FH1aVetOoulPGqgYukj0VE0wIhDy90WiQoV3U2PeY44,joined,
Ej5lV19G8M0tYlv3Wa3i3PJ_QMaecq4ghbvPedYzEaE,Ej5lV19G8M0tYlv3Wa3i3PJ_QMaecq4ghbvPedYzEaE,11777286777,rufetnaliyev.xyz,443,https,true,15,,10000000,false,rufetnaliyev,Waitin' for the mainnet. ,FH1aVetOoulPGqgYukj0VE0wIhDy90WiQoV3U2PeY44,joined,
P7cerPVR1YDu7xpgb8pj5Eso6MwXMrQaoG9I5N4nHWw,P7cerPVR1YDu7xpgb8pj5Eso6MwXMrQaoG9I5N4nHWw,11969428300,ario-t-000001.nodeforge.io,443,https,true,50,,500000000,true,NodeForge.io Hosting,nodeforge.io - Official Node Forge Sponsored Node / California-based multi-cloud blockchain infrastructure hosting provider,FH1aVetOoulPGqgYukj0VE0wIhDy90WiQoV3U2PeY44,joined,
9Rya3y64lWHKAbbFYmSo_Fw1rKlagKOWoZ2Qvl1ENrQ,9Rya3y64lWHKAbbFYmSo_Fw1rKlagKOWoZ2Qvl1ENrQ,51524984088,mustafakara.store,443,https,true,20,,500000000,false,mustafakara,rues,FH1aVetOoulPGqgYukj0VE0wIhDy90WiQoV3U2PeY44,joined,
dsZ-B6PK-uSXkQ0bsQKWmx5udbCI_uLOBUe-lW6ehN4,Lr6btGJwfdwJ1DaJySvDiBALwyMQjsZx4QGtnAWkbHU,15513933547,ar01.fyeo.io,443,https,false,0,,500000000,true,FYEO,https://fyeo.io,FH1aVetOoulPGqgYukj0VE0wIhDy90WiQoV3U2PeY44,joined,
1OzkH57YIxDhSjE1h1hgQRyyLcg776GMtxf5IrZNRPA,wOaU4hImu0LIcJplyjYAJxodr6D9ViVnJBPugINLkls,10758045634,adn79.pro,443,https,true,10,,100000000,false,adn79.pro,adn79.pro,FH1aVetOoulPGqgYukj0VE0wIhDy90WiQoV3U2PeY44,joined,
OUUyqSaJyEoxcfNyiDmYVA68In-4xmIyk7AeW09zc-E,OUUyqSaJyEoxcfNyiDmYVA68In-4xmIyk7AeW09zc-E,10471096789,arfor.us,443,https,true,95,,10000000,true,arfor.us,arfor.us,FH1aVetOoulPGqgYukj0VE0wIhDy90WiQoV3U2PeY44,joined,
J2AARe8Jzi2ttgjDWAtHLXgdd93psesyRUuvg-LN2tg,J2AARe8Jzi2ttgjDWAtHLXgdd93psesyRUuvg-LN2tg,10453120823,figmental.xyz,443,https,true,15,,10000000,false,Figment,Best gateway,FH1aVetOoulPGqgYukj0VE0wIhDy90WiQoV3U2PeY44,joined,
nAvqHc2ifG6-O8U51Ht5fvx1BTNGQ-L1ue6jVwlHUY0,nAvqHc2ifG6-O8U51Ht5fvx1BTNGQ-L1ue6jVwlHUY0,14929776499,arweave.ph,443,https,true,15,,10000000,true,Arweave Philippines,Owned and run by the Arweave Philippines community,FH1aVetOoulPGqgYukj0VE0wIhDy90WiQoV3U2PeY44,joined,
3RD-ifJlte3mXlRU9ZpoUGM6EAii1EQlavBrJ79jEeU,3RD-ifJlte3mXlRU9ZpoUGM6EAii1EQlavBrJ79jEeU,10809913004,subspacer.xyz,443,https,true,10,,10000000,false,Data Add,stake for reward,FH1aVetOoulPGqgYukj0VE0wIhDy90WiQoV3U2PeY44,joined,
vfbxK5qdcmf_3419fz6WSFaM6HBSAQDG7V6ZEdrBUQ8,vfbxK5qdcmf_3419fz6WSFaM6HBSAQDG7V6ZEdrBUQ8,10809913009,retrogen.xyz,443,https,true,10,,15000000,false,J,Stake me,FH1aVetOoulPGqgYukj0VE0wIhDy90WiQoV3U2PeY44,joined,
ZnOlQXC0GUlWB7X7arG7DGho3HVEhp70B6qP62N_IF4,ZnOlQXC0GUlWB7X7arG7DGho3HVEhp70B6qP62N_IF4,16193384845,xwhyzet.xyz,443,https,true,10,,10000000,true,xwhyzet,Why not?,FH1aVetOoulPGqgYukj0VE0wIhDy90WiQoV3U2PeY44,joined,
A2tlbVJlsMMipcjA1ShHBvfkmBx5uG3UF061JRiw_cE,A2tlbVJlsMMipcjA1ShHBvfkmBx5uG3UF061JRiw_cE,11146934772,singha.fun,443,https,true,95,,10000000,true,KNN3_singha,Operated by KNN3,FH1aVetOoulPGqgYukj0VE0wIhDy90WiQoV3U2PeY44,joined,
vre10i-34tcT2vRXq6YV8lCF_q9dHhK7i4Oc26lBzvc,d9q33Ok5PaiLy18AaBlqSyHMd2wRjwQOAy0vTosqCxQ,58460867049,openar.dev,443,https,true,10,,500000000,true,OpenBuild,OpenBuild is an Open-Source Community,FH1aVetOoulPGqgYukj0VE0wIhDy90WiQoV3U2PeY44,joined,
YpujpAhHCPkyw9L1yxAYoJD-SQgqLfuZtLZfFWihmEo,YpujpAhHCPkyw9L1yxAYoJD-SQgqLfuZtLZfFWihmEo,99999996667,exnihilio.dnshome.de,443,https,true,20,,10000000,false,ExnihilioGate,Rasperry Rock'n Roll - We have some DumDumz,FH1aVetOoulPGqgYukj0VE0wIhDy90WiQoV3U2PeY44,joined,
2nCW-odXbd_59p0rFdKHdHibCD7bGsmNShvVCC6swYg,y4NsScUXqvssok99VKNt_kgiiNwPxspiij0DCMZrOEA,57767110450,ar.perplex.finance,443,https,true,50,,500000000,true,Perplex,Perplex Gateway,FH1aVetOoulPGqgYukj0VE0wIhDy90WiQoV3U2PeY44,joined,
HkRKUlJM85uaOurxShYU5TD3fCsTO0-0mhh_rcgc1Xw,HkRKUlJM85uaOurxShYU5TD3fCsTO0-0mhh_rcgc1Xw,60124931632,liglow.com,443,https,true,10,,10000000,false,New Station,Join us,FH1aVetOoulPGqgYukj0VE0wIhDy90WiQoV3U2PeY44,joined,
gM2Onk-oukO6z84wQY0HANza-b0y4hSQwzOc9JSxn8o,vt8-HvjzX-XHuZFgR1tFFDE1cYGZnh0U4qM0aTFjBHE,67215640112,ar.anyone.tech,443,https,false,0,,500000000,true,ANyONe,More info - https://www.anyone.io/,FH1aVetOoulPGqgYukj0VE0wIhDy90WiQoV3U2PeY44,joined,
6WUKQgsE6Rz7PIZPsr269uSI0KP7UF24LxlkWTcGqGM,6WUKQgsE6Rz7PIZPsr269uSI0KP7UF24LxlkWTcGqGM,267164356569,arweave.net,443,https,false,0,,500000000,true,Arweave.net,Operated by PDS, for the good of the Arweave ecosystem.,FH1aVetOoulPGqgYukj0VE0wIhDy90WiQoV3U2PeY44,joined,
cSSmABifu5RIRONaQwhE4ZfKhIkV8TKE3Jh21L8aq0c,cSSmABifu5RIRONaQwhE4ZfKhIkV8TKE3Jh21L8aq0c,51100000000,htonka.xyz,443,https,true,10,,500000000,false,Hamzagateway,A world brand rues,FH1aVetOoulPGqgYukj0VE0wIhDy90WiQoV3U2PeY44,joined,
tsfe-wxLH9Pj3FOdSrw9vgvmlRzNigl8TvxJuB7IZ9U,tsfe-wxLH9Pj3FOdSrw9vgvmlRzNigl8TvxJuB7IZ9U,66263208030,validatario.xyz,443,https,true,10,,500000000,true,Validatorario,RuesCommunity. dad,FH1aVetOoulPGqgYukj0VE0wIhDy90WiQoV3U2PeY44,joined,
lQ1e2TNADS1kLJy5gUTW2GS0s1po6s3GI15hHsgNKks,KPnRrgZ2WLA1OiDj5UcqvLeT1BNGCtu6lRiswHMfRis,50000000000,lorento.xyz,443,https,true,10,,50000000,false,Lorento,Lorento,FH1aVetOoulPGqgYukj0VE0wIhDy90WiQoV3U2PeY44,joined,
Y6MvWpH-KGBsdmib83eiorjFHUMhkUV9HspQhT7rsjw,LlLe340OW5DHR1Nrs1i-9-md09R0pvXbcQSK-GcGxZ4,66539173649,krayir.xyz,443,https,true,10,,500000000,false,KrayirGateway,Krayir#5077,FH1aVetOoulPGqgYukj0VE0wIhDy90WiQoV3U2PeY44,joined,
zpwUxIJgsB1Rko-UYINmI0mGx1R24aUuZ7cXhJbON6A,zpwUxIJgsB1Rko-UYINmI0mGx1R24aUuZ7cXhJbON6A,56079773598,leechshop.com,443,https,true,10,,500000000,false,KaiGateway,Powered by KaiKiseN,FH1aVetOoulPGqgYukj0VE0wIhDy90WiQoV3U2PeY44,joined,
VBrQJZQ-XCLCF4xWmzcmkXFwHJusqmQdL8W82dkUxhc,VBrQJZQ-XCLCF4xWmzcmkXFwHJusqmQdL8W82dkUxhc,70408970988,2save.xyz,443,https,true,30,,10000000,true,Save gateway,Owned and operated by SAVE.,FH1aVetOoulPGqgYukj0VE0wIhDy90WiQoV3U2PeY44,joined,
99cN-yl_Ytpn-_vOOZrF39O3YST9Qe5OP9SZHP_JN7Y,Jw-8FZNff6w2ijZihHat48DCyLgtA2up_V6frPX_NL4,10000000000,darksunrayz.xyz,443,https,true,10,,10000000,false,DarksunGateway,Operated by Darksunrayz,FH1aVetOoulPGqgYukj0VE0wIhDy90WiQoV3U2PeY44,joined,
1gQCULHEJg2dryFHqRvqHpy0TYC39xu0Vm6XImGsJn0,1gQCULHEJg2dryFHqRvqHpy0TYC39xu0Vm6XImGsJn0,83354233591,0xsav.xyz,443,https,true,15,,10000000,false,0xsav,0xsav - RuesCommunity,FH1aVetOoulPGqgYukj0VE0wIhDy90WiQoV3U2PeY44,joined,
uAsYw8-vGL6zgyDfImyW2MkiqI8IV2FteK_Fzz-JGWk,S2xQ27SgYls7lr2T-OvXle0giV6lFZnsWoYmxldttw4,68994227687,yusufaytn.xyz,443,https,true,10,,500000000,true,YusufAytnWay,Owned and operated by DTF.,FH1aVetOoulPGqgYukj0VE0wIhDy90WiQoV3U2PeY44,joined,
eU6aR_pysY6DbN76FZVarcUaRe1xBnXnyUPVI7n7Usw,eU6aR_pysY6DbN76FZVarcUaRe1xBnXnyUPVI7n7Usw,50000000000,software0x.space,443,https,true,0,,500000000,false,0x0017,Owned and operated by 0x0017.,FH1aVetOoulPGqgYukj0VE0wIhDy90WiQoV3U2PeY44,joined,
kCflZhsNDofALNadbPsknhVyl424OF0quSZxrBY9Muo,kCflZhsNDofALNadbPsknhVyl424OF0quSZxrBY9Muo,50000000000,arceina.fun,443,https,true,10,,10000000,false,ArceinaGateway,Owned and operated by RuesCommunity.,FH1aVetOoulPGqgYukj0VE0wIhDy90WiQoV3U2PeY44,joined,
eSRbMNB_wkZiiVeu2Axw5OC9AnRV-zU-vj_WDPbX-JY,q-3i2vtbri8KNNRNQtc8WWQO-ObaTmqrXttHpN7Izgk,50500000000,hexamz.site,443,https,true,10,,10000000,false,hexamz,lets get build AR.IO,FH1aVetOoulPGqgYukj0VE0wIhDy90WiQoV3U2PeY44,joined,
QAGGs4RNR6e2gG0a0A3vrGRk2L6OlJxFPng5bfGNJUA,KlZUDPqVjoicBNR5lSpL5Bh2RSicc3_XL4druoRAjkk,10000000000,sunkripto.fun,443,https,true,10,,12000000,false,Sunkripto  Gateway,Follow me on my  Twitter @Sunkripto,FH1aVetOoulPGqgYukj0VE0wIhDy90WiQoV3U2PeY44,joined,
s91BsMWRi8E4Lkmx0cjzwFNxTnlKjX6ne4mJ2jdMjHE,s91BsMWRi8E4Lkmx0cjzwFNxTnlKjX6ne4mJ2jdMjHE,53198970573,gerenimo.click,443,https,true,10,,100000000,false,Test Gateway,RuessCommunity.,FH1aVetOoulPGqgYukj0VE0wIhDy90WiQoV3U2PeY44,joined,
8JWd4AobyyWRRb68k6qg9eK28u0fSB7voQ7PtIzIE4w,Htqc__0gjHOa02RFS2vW14e76g4KVanYjhV-WzxAMIQ,72306107396,mrciga.com,443,https,true,10,,500000000,true,Reedchain,Reedchain Gateway - Rues Community Member,FH1aVetOoulPGqgYukj0VE0wIhDy90WiQoV3U2PeY44,joined,
xyH8-v62Hs-Wvli8WF1OZ1DeuAg6YviFPE2CIlBUhjw,xyH8-v62Hs-Wvli8WF1OZ1DeuAg6YviFPE2CIlBUhjw,63718345418,vnnode.top,443,https,true,10,,10000000,false,VNNode,Owned and operated by vnnode.top,FH1aVetOoulPGqgYukj0VE0wIhDy90WiQoV3U2PeY44,joined,
hqjcMZ8bEyF7VQBAIOlHRaOMTv8SX9Z_SFRwylxG0SU,hqjcMZ8bEyF7VQBAIOlHRaOMTv8SX9Z_SFRwylxG0SU,64977961559,rtmpsunucu.online,443,https,true,10,,500000000,false,RTMP Sunucu gateway,Canoplos testgateway,FH1aVetOoulPGqgYukj0VE0wIhDy90WiQoV3U2PeY44,joined,
vOrKy_8JvhhIxzWj7fe9E59AGKVi4Jb6YfgauAvCvxU,vOrKy_8JvhhIxzWj7fe9E59AGKVi4Jb6YfgauAvCvxU,50000000000,ar.ilaybilge.xyz,443,https,true,10,,10000000,false,IlayBilge,Even the smallest person can change the course of the future.,FH1aVetOoulPGqgYukj0VE0wIhDy90WiQoV3U2PeY44,joined,
Et5gKOcBG4W-kgDv5iPR-FuxXr9eikb8mKP0G3eKmLs,Et5gKOcBG4W-kgDv5iPR-FuxXr9eikb8mKP0G3eKmLs,68025235493,arnode.site,443,https,true,10,,500000000,true,Arnode,Owned and operated by Et5gKOcBG4W-kgDv5iPR-FuxXr9eikb8mKP0G3eKmLs,FH1aVetOoulPGqgYukj0VE0wIhDy90WiQoV3U2PeY44,joined,
adJdVInjVz_E8lrKbt6bQppXuauy5da30Q5UNwUIgug,GSkHr4JJekfJR-zfK_RJPT9NEjVFJf00cqKq64KLPWU,58316871265,haliltktl.online,443,https,true,10,,500000000,false,hllgateway,ruescommunity,FH1aVetOoulPGqgYukj0VE0wIhDy90WiQoV3U2PeY44,joined,
vHc_rayu_X2gYzbxRQA6ynn21AHlxd_I8WMW39lLDWs,cSRwuTspzJ38gbpT69mkpJdvHLtk74_kwpOoTwq_T8E,50000000000,murod.xyz,443,https,true,10,,500000000,false,murooo,sivasleeeeee.,FH1aVetOoulPGqgYukj0VE0wIhDy90WiQoV3U2PeY44,joined,
ty5YtynhdixPERscueTiOl1KA4Y69HNrAaJ2H_2sBh8,B_npMgHWVUV1cF7lddUrmaO7ucXYuTp7j7388VO0_QM,59538632550,stanbeornode.xyz,443,https,true,10,,100000000,true,StanbeorNode,Hey there, please give me feedback for my gateway on discord @stanbeorn,FH1aVetOoulPGqgYukj0VE0wIhDy90WiQoV3U2PeY44,joined,
oHl168xaaIWAi53qY8G0Y4EbwXe41Dix0LbdvcdvLvw,oHl168xaaIWAi53qY8G0Y4EbwXe41Dix0LbdvcdvLvw,10000000000,herculesnode.site,443,https,true,10,,500000000,false,Hercules,We have a dream HerculesNode,FH1aVetOoulPGqgYukj0VE0wIhDy90WiQoV3U2PeY44,joined,
2v9B4GZIcREbLCVoEzKSz_gsM5sZoAGkvfN1tocuWDc,Eq3gnfpqBqOSoUUGEqfEIJfSFOPeKqw2HWUzoiZXnA8,11415638669,ar.secret-network.xyz,443,https,true,80,,500000000,true,Secret Network,Owned and operated by fans of Secret Network. NOT SECRET NETWORK TEAM. 80% rewards!!,FH1aVetOoulPGqgYukj0VE0wIhDy90WiQoV3U2PeY44,joined,
gLQ1no4xBR9H2hzw7F4fYVA7VI_Z5phiB1t0ZKIH2Go,EYYSRszWDNdspvc-5R19JhPqaL8HkbEnxjdy0bueOvc,62771398230,love4src.com,443,https,true,50,,500000000,true,Love for source code,kanshi was here,FH1aVetOoulPGqgYukj0VE0wIhDy90WiQoV3U2PeY44,joined,
jpPWBpBN9amvVPjP_v5XlnEu7U8TAaTqPlJ2cbREe4U,jpPWBpBN9amvVPjP_v5XlnEu7U8TAaTqPlJ2cbREe4U,70464467884,iblis.world,443,https,true,10,,500000000,true,iblisgate,Node Runner Milf Hunter,FH1aVetOoulPGqgYukj0VE0wIhDy90WiQoV3U2PeY44,joined,
h0YJJPy3KbX368O7OzF5VgNPUYK6gYnjBDVSjxXa56U,h0YJJPy3KbX368O7OzF5VgNPUYK6gYnjBDVSjxXa56U,50000000000,regarets.xyz,443,https,true,10,,15000000,false,Elegante,Owner by tester,FH1aVetOoulPGqgYukj0VE0wIhDy90WiQoV3U2PeY44,joined,
dD8lEdhTu3ruVPBnzynLMzaXY179YIYz_QS9_LuMRXg,dD8lEdhTu3ruVPBnzynLMzaXY179YIYz_QS9_LuMRXg,67999112230,ar.ionode.online,443,https,true,95,,10000000,true,IONode.Online,Professional PoS Network Validator, Highly Secured and 24/7 Monitored,FH1aVetOoulPGqgYukj0VE0wIhDy90WiQoV3U2PeY44,joined,
KjdFZRz3XfMu2E_3KiDuqW0Ye-K70Kr2gbu8Z4S0Ts4,LeL57Lkx1bKzwmiiFvkVDtkTQ5Wh9d5xyQICj4cSajk,60321256239,moruehoca.store,443,https,true,10,,500000000,false,Morue,RuesCommunity,FH1aVetOoulPGqgYukj0VE0wIhDy90WiQoV3U2PeY44,joined,
23fbtC4CmEZ07u1fFVr_JF7mkCc35hS7b6K6cu8ZmlY,_hUBKXfHmGQ5WY8zZtaUCwOG6dTx-h7xx0rmtW3NqZI,50001000000,utkububadymension.xyz,443,https,true,30,,500000000,false,utkububaGateway,Wake up the reality- RuesCommunity.,FH1aVetOoulPGqgYukj0VE0wIhDy90WiQoV3U2PeY44,joined,
sIEvixt3EG_oFIK7BIz4v73WCmWjmfuT_YEhfHtBcnQ,sIEvixt3EG_oFIK7BIz4v73WCmWjmfuT_YEhfHtBcnQ,67877003353,nodehub.site,443,https,true,10,,500000000,true,Pattaya,Owned and operated by sIEvixt3EG_oFIK7BIz4v73WCmWjmfuT_YEhfHtBcnQ,FH1aVetOoulPGqgYukj0VE0wIhDy90WiQoV3U2PeY44,joined,
LSKZ5taMANhACaEHwlY_gzlltF_PwRI3AgAPMLNw5JE,kvL8dV0aDNGQzH3vxi7sp2OWtPvTdavTD6WYxoJOb7c,69866580625,arweave.developerdao.com,443,https,true,10,,500000000,true,Developer DAO,Owned and operated by Developer DAO.,FH1aVetOoulPGqgYukj0VE0wIhDy90WiQoV3U2PeY44,joined,
w_0LdLYJ31CkkNwYvTTPaUpqUdC7Wrjm5hoI2_q8q7w,w_0LdLYJ31CkkNwYvTTPaUpqUdC7Wrjm5hoI2_q8q7w,58222655445,thanhapple.store,443,https,true,10,,500000000,true,ThanhApple,ThanhApple Hue,FH1aVetOoulPGqgYukj0VE0wIhDy90WiQoV3U2PeY44,joined,
jDdK_PVoWDlBGufV-6gIsZnrnGmOOsR-8AIHulRsohw,jDdK_PVoWDlBGufV-6gIsZnrnGmOOsR-8AIHulRsohw,64300000000,webraizo.online,443,https,true,10,,500000000,false,Raizo Gateway,dc eysorindik,FH1aVetOoulPGqgYukj0VE0wIhDy90WiQoV3U2PeY44,joined,
WDx-EOdYCZIHwlRGiy34w8_DChRmLeiS6XJ-3RKyL2k,WDx-EOdYCZIHwlRGiy34w8_DChRmLeiS6XJ-3RKyL2k,68383532841,nodezeta.site,443,https,true,10,,500000000,true,Nodezeta,Owned and operated by WDx-EOdYCZIHwlRGiy34w8_DChRmLeiS6XJ-3RKyL2k,FH1aVetOoulPGqgYukj0VE0wIhDy90WiQoV3U2PeY44,joined,
jt19WluLXKr9lcostp_XNmXRmpdxM4VwmXbmyDLoyNM,WuNl6WQGnDElEpG29CqXHKSLOenj562TzBW2Ls64yEE,56426417058,aoweave.tech,443,https,true,12,,500000000,true,Aoweave,Owned and operated by eltio.eth aka jharmony.,FH1aVetOoulPGqgYukj0VE0wIhDy90WiQoV3U2PeY44,joined,
88TfXbrWazBDxwzZkd2K0zEtmMR9TXMOfYQ-u1WfV2I,88TfXbrWazBDxwzZkd2K0zEtmMR9TXMOfYQ-u1WfV2I,50000000000,g8way.io,443,https,false,0,,500000000,false,g8way,Owned and operated by rakis.,,joined,
bhA66T2FIvkiYOAr2ec1x_xjnYwxDKtXeq082M4_UFg,yRUte56wdPGHafW36HVYLsbhpggbGECPA60iZp-lsrk,68176946461,khacasablanca.top,443,https,true,10,,500000000,true,Khacasablanca,Khacasablanca,FH1aVetOoulPGqgYukj0VE0wIhDy90WiQoV3U2PeY44,joined,
lC5I5rQvGZn36DodBvWiMD_abkprE20p6GgGiZakk9Y,JxZVzuJKFcEePUCpYZFOqylnSgXRHhXPbvc4dUk8NcM,50000000000,ar.skyeagle.com.tr,443,https,true,10,,15000000,false,0xskyeagle,Owned by 0xskyeagle,FH1aVetOoulPGqgYukj0VE0wIhDy90WiQoV3U2PeY44,joined,
m2rdmuprEiT0SxJOZAvVexlLFUx5KsAdIBKRkGrlsss,m2rdmuprEiT0SxJOZAvVexlLFUx5KsAdIBKRkGrlsss,50000000000,ykpbb.lol,443,https,true,10,,10000000,false,ykpbb,Owned and operated by DTF.,FH1aVetOoulPGqgYukj0VE0wIhDy90WiQoV3U2PeY44,joined,
1GRKSKvsHj-9XPzb-CejeCIAQ511Xz97QgX598sB9FY,1GRKSKvsHj-9XPzb-CejeCIAQ511Xz97QgX598sB9FY,67098156803,apeweave.com,443,https,true,10,,500000000,true,MoneyMindedApes,Money Minded Apes Gateway 1,FH1aVetOoulPGqgYukj0VE0wIhDy90WiQoV3U2PeY44,joined,
rzdQZubopSW3ZrIOCeQLNqTqcO4CoagL0-inazNCU7Y,rzdQZubopSW3ZrIOCeQLNqTqcO4CoagL0-inazNCU7Y,69023876862,nodebiz.site,443,https,true,10,,500000000,true,Nodebiz,Owned and operated by rzdQZubopSW3ZrIOCeQLNqTqcO4CoagL0-inazNCU7Y,FH1aVetOoulPGqgYukj0VE0wIhDy90WiQoV3U2PeY44,joined,
rHZLhdsXk8NOepTZwNwcBKq_vO3nSpG9kMAqoVZpJZ0,KMjHKXpM6V4HqLBDFiI270SYxgGQftKAe51lZ34FBtQ,55254135277,torkuu.xyz,443,https,true,10,,500000000,false,adem,Owned and operated by DTF.,FH1aVetOoulPGqgYukj0VE0wIhDy90WiQoV3U2PeY44,joined,
TbEyj28xcqJBw_J5Rb6BGOzo4VhT-Qh15VMFul3FtTw,62vfDy-Vmv_mIUezOUCesCm7FiwhxGRbazNZAJtOUyo,50000000000,chaintech.site,443,https,true,10,,500000000,false,HakannGateway,Owned and operated by Hakan Rues Community.,FH1aVetOoulPGqgYukj0VE0wIhDy90WiQoV3U2PeY44,joined,
NrE-g7b_WCSTLNRwJXouBsPWxwXFtF4-lyg5a8Enq8w,NrE-g7b_WCSTLNRwJXouBsPWxwXFtF4-lyg5a8Enq8w,67346500741,khaldrogo.site,443,https,true,10,,500000000,true,khaldrogogateway,Khaldrogo,FH1aVetOoulPGqgYukj0VE0wIhDy90WiQoV3U2PeY44,joined,
llpFQs81WBNqU5q7PDUnkkyzgMXtCOcqyL1nTvjKngc,0pCbuNgUCx1WNiBwXOq0DP6CFVOkhZ5qd1DgxAX0KvY,66972462275,nodetester.com,443,https,true,10,,500000000,true,Cinar Gateway,Rues community.,FH1aVetOoulPGqgYukj0VE0wIhDy90WiQoV3U2PeY44,joined,
IfRB126OA-VgcriyUZggYY1_X4xVQfSFcit_jH-7GP0,IfRB126OA-VgcriyUZggYY1_X4xVQfSFcit_jH-7GP0,50000000000,yakupgs.store,443,https,true,10,,10000000,false,YakupGs,Owned and operated by DTF.,FH1aVetOoulPGqgYukj0VE0wIhDy90WiQoV3U2PeY44,joined,
Ms8uQa1XZIYbdMQA26ZHS3hnO5nBoC6G3xvrxDuJ7dw,Ms8uQa1XZIYbdMQA26ZHS3hnO5nBoC6G3xvrxDuJ7dw,60156329509,teoviteovi.org,443,https,true,10,,10000000,true,TeoViTeoVi,Teo Teo & Vi Vi Happy,FH1aVetOoulPGqgYukj0VE0wIhDy90WiQoV3U2PeY44,joined,
ivmQI0ccIeVEQ7mXsgW2-3NCMxq9Wu_CxBcc96m0-qA,ivmQI0ccIeVEQ7mXsgW2-3NCMxq9Wu_CxBcc96m0-qA,60698262962,recepgocmen.com,443,https,true,10,,500000000,false,RexhoGateway RC<3,RC <3,FH1aVetOoulPGqgYukj0VE0wIhDy90WiQoV3U2PeY44,joined,
CDoilQgKg6Pmp4Q0LJ4d84VXRgB3Ay9pIJ_SA617cVk,PhSkdSAupAkUvcarINQ0yFezknKpotSAyBYwFEcU6FI,50000000000,arweave.ar,443,https,false,0,,500000000,false,Arweave.ar,Owned and operated by Community Labs.,FH1aVetOoulPGqgYukj0VE0wIhDy90WiQoV3U2PeY44,joined,
E_hgifj1VUdbYb81YwlMBluQjYV_vJZGvGvdPQG64z4,j127k2eHqmnki8NhKFT4wl8EPhwHETfmVpfV-yITI_8,62194335963,pi314.xyz,443,https,true,10,,500000000,true,GokhanyuceGateway,gkhnyc86# | RuesCommunity.,FH1aVetOoulPGqgYukj0VE0wIhDy90WiQoV3U2PeY44,joined,
XB4kszP-oEjlA-9kU2BTXtpc5L6YUlQzRED7GI69iKU,XB4kszP-oEjlA-9kU2BTXtpc5L6YUlQzRED7GI69iKU,67728049017,nodevip.site,443,https,true,10,,500000000,true,Nodevip,Owned and operated by XB4kszP-oEjlA-9kU2BTXtpc5L6YUlQzRED7GI69iKU,FH1aVetOoulPGqgYukj0VE0wIhDy90WiQoV3U2PeY44,joined,
iap-k1HQNUtkDLDooVsjQVg0FAWtudGtVsTSFQ3nn1o,iap-k1HQNUtkDLDooVsjQVg0FAWtudGtVsTSFQ3nn1o,83331136437,sulapan.com,443,https,true,10,,500000000,true,CodeBlockLabs | AR.IO Gateway,Owned and operated by NakedCat - founder CodeBlockLabs.,FH1aVetOoulPGqgYukj0VE0wIhDy90WiQoV3U2PeY44,joined,
V_SC3mtjzNHO55JuUtMGSXK_i4RL6PriSSyXcOOKhuY,KtT83AUy-9BqzYxvfyLihjppxJMgYaaz7cbhgfPdvRU,60000000000,dnsarz.site,443,https,true,10,,500000000,false,dnsarz,If I die before I wake, I pray the Lord my soul to take,FH1aVetOoulPGqgYukj0VE0wIhDy90WiQoV3U2PeY44,joined,
oMPYwABoGMcrvLAy1r41ilZD5totu7TGm6JuCkW7bL8,oMPYwABoGMcrvLAy1r41ilZD5totu7TGm6JuCkW7bL8,68083158879,siyantest.xyz,443,https,true,10,,500000000,true,cyangate,ruescommunity,FH1aVetOoulPGqgYukj0VE0wIhDy90WiQoV3U2PeY44,joined,
tncUYUIOfIib-izqoGbVVO12LiZTjzh6YQYNenD2kH0,wpAx67TYj6uMhZpQ154uhkkzSxFGJ1vEbDVx3bG4HIM,61182077816,enzifiri.com,443,https,true,1,,100000000,false,enzifiri,Twitter @en_zifiri Telegram @enzifiri,FH1aVetOoulPGqgYukj0VE0wIhDy90WiQoV3U2PeY44,joined,
rIz6kL0AkhQ1Iqs9q8SKNpSKiiUfqzU5p2d81ALvLrc,INdAaOnxtaAPOPKzn5A8-x-rtaoWvkBjMHMEdjRUj6s,50500000000,senzura.xyz,443,https,true,10,,10000000,false,Senzuragate,Owned and operated by senzura,FH1aVetOoulPGqgYukj0VE0wIhDy90WiQoV3U2PeY44,joined,
EhkVW8-6SnOm1UBVI-TJH2Hsmoz9ppv1jQMRaSo2W_g,EhkVW8-6SnOm1UBVI-TJH2Hsmoz9ppv1jQMRaSo2W_g,50000000000,ario.koltigin.xyz,443,https,true,10,,15000000,false,KolTigin,Always forward with the Anatolian Team üêÜ,FH1aVetOoulPGqgYukj0VE0wIhDy90WiQoV3U2PeY44,joined,
c1Cz1fTE4ak9jtTSszfv1GfIBKGYKmLDzKzuQJx3x6g,269O3y0wdLVrm1xoAwGkl_qc_q6lV_0DPge6sI43TXM,10000000000,ahmkahvalidator.xyz,443,https,true,1,,500000000,false,Ahmkah,ahmkah | RuesCommunity,FH1aVetOoulPGqgYukj0VE0wIhDy90WiQoV3U2PeY44,joined,
fD5A1ki_bDGt-FjVvOPHPZ1ylDAQo4zCp9LIOD9VCWk,fD5A1ki_bDGt-FjVvOPHPZ1ylDAQo4zCp9LIOD9VCWk,50000000000,koniq.xyz,443,https,true,10,,10000000,false,koniq,Owned and operated by DTF.,FH1aVetOoulPGqgYukj0VE0wIhDy90WiQoV3U2PeY44,joined,
jdqf2R3aecmhxdJn9l7PcwEN8D_CFEzeWBp-jPcTH68,Xy0umfBKlE5kBQz-RPXwtbShdWXG1K8YyK_6Ob94qY4,50000000000,mrheracles.online,443,https,true,10,,500000000,false,heracles,ƒ± m excited for ario,FH1aVetOoulPGqgYukj0VE0wIhDy90WiQoV3U2PeY44,joined,
-RlCrWmyn9OaJ86tsr5qhmFRc0h5ovT5xjKQwySGZy0,-RlCrWmyn9OaJ86tsr5qhmFRc0h5ovT5xjKQwySGZy0,56968782287,imtran.site,443,https,true,10,,500000000,false,tinnguyen,nodebrochipchip,FH1aVetOoulPGqgYukj0VE0wIhDy90WiQoV3U2PeY44,joined,
SqEQ2UZcI6s4yU8jQMnmxSBmu1XYBg_eHoivzxYljU0,JkUcb04WybVhwXV9hLCCjS9fpFWmODGXYIdhn6O-kRU,66198477493,shapezero.site,443,https,false,10,,500000000,false,shapezeroGateway,RuesCommunity,FH1aVetOoulPGqgYukj0VE0wIhDy90WiQoV3U2PeY44,joined,
hwix8tvuOHBAhsuBfE_cV8UrG8FPmtOyc3jTko0aSaU,OUddDM0DVbGuKgdqb0K1gX42aOw9-tXpqbCwU2HsYnI,69004771474,frogzz.xyz,443,https,true,10,,10000000,false,Phoenix,Rise like a Phoenix,FH1aVetOoulPGqgYukj0VE0wIhDy90WiQoV3U2PeY44,joined,
jHGSqiQ8IPuPzZLN8ePwO_ddPOz0_C_gauxe-ph3bBU,zmd1qJpwEpXH-fVUZj-_rl1SWUg3S7_m6Yyq6Ch0dxw,68466965868,fennari.xyz,443,https,true,10,,500000000,true,fennarigate,fennari,FH1aVetOoulPGqgYukj0VE0wIhDy90WiQoV3U2PeY44,joined,
cjTSqSLNYAfQ09pJVQDGdCocpBrjqb6PwbhBbJc4-A8,cjTSqSLNYAfQ09pJVQDGdCocpBrjqb6PwbhBbJc4-A8,68334382412,nodebeta.site,443,https,true,10,,500000000,true,NodeBeta,Owned and operated by cjTSqSLNYAfQ09pJVQDGdCocpBrjqb6PwbhBbJc4-A8,FH1aVetOoulPGqgYukj0VE0wIhDy90WiQoV3U2PeY44,joined,
TYHjq5FHwQnRqbZkLTb7mDemLIb-x3FP-rOv-0YXNwQ,TYHjq5FHwQnRqbZkLTb7mDemLIb-x3FP-rOv-0YXNwQ,50000000000,boramirs.store,443,https,true,10,,20000000,false,Apollo,Node Runner,FH1aVetOoulPGqgYukj0VE0wIhDy90WiQoV3U2PeY44,joined,
pqJmLkaXWjgSgsTB2_l5slTdRrx7lgzq1XTc4LRV0l4,pqJmLkaXWjgSgsTB2_l5slTdRrx7lgzq1XTc4LRV0l4,50000000000,ar.tomris.xyz,443,https,true,10,,10000000,false,Tomris,Queen of Masagetes.,FH1aVetOoulPGqgYukj0VE0wIhDy90WiQoV3U2PeY44,joined,
QGWqtJdLLgm2ehFWiiPzMaoFLD50CnGuzZIPEdoDRGQ,IPdwa3Mb_9pDD8c2IaJx6aad51Ss-_TfStVwBuhtXMs,250000000000,ar-io.dev,443,https,true,30,,500000000,false,AR.IO Test,Test Gateway operated by PDS for the AR.IO ecosystem.,raJgvbFU-YAnku-WsupIdbTsqqGLQiYpGzoqk9SCVgY,joined,
pi_PVyBCifSZfwKG1v2BZs3xOL9nVitgw9VK6b7HmJw,pi_PVyBCifSZfwKG1v2BZs3xOL9nVitgw9VK6b7HmJw,66551954521,mrcetin.cfd,443,https,true,10,,500000000,true,mrcetingateway,RuesCommunity.,FH1aVetOoulPGqgYukj0VE0wIhDy90WiQoV3U2PeY44,joined,
DdpnQbt3T3N3iGSVpg0e05oTiOQhGGejwDF5UO0PqeM,DdpnQbt3T3N3iGSVpg0e05oTiOQhGGejwDF5UO0PqeM,68171930792,thd.io.vn,443,https,true,30,,10000000,true,OROdata gateway,Happy new day,FH1aVetOoulPGqgYukj0VE0wIhDy90WiQoV3U2PeY44,joined,
obbDIY_Tkhjx7uP8VMfaAuv2lUUXpKYUsOkADSf1JL4,qBQzPC9MN9g8EibKqimWb7LpwZ7yXYqnvj8SlGdx25I,50000000000,bicem.xyz,443,https,true,10,,500000000,false,burcu,Owned and operated by DTF.,FH1aVetOoulPGqgYukj0VE0wIhDy90WiQoV3U2PeY44,joined,
-_KHuNJFsOUyn1AvIAfDhJCqTPj7nZZ5Z6NLsA3GizE,1GLELagOHDK_Yq9SvlIAAYjTc31pTuoH22xVsCdnS7Q,52980742992,asilkan.online,443,https,true,10,,500000000,false,AhnetdGateway,Owned and operated by Ahmetdanaci_RuesCommunity,FH1aVetOoulPGqgYukj0VE0wIhDy90WiQoV3U2PeY44,joined,
1LUv6R9jUc7_eqhyOAnPjevurdO5tRqAAUGTdd57yrw,qDyOMb6EQlp32qkx1v9Uf0uKtucUo3NkYpBERojSukA,67872713562,bootstrap.autos,443,https,true,10,,500000000,true,Bootstrap,Give me feedback about this gateway at my X @ar_bootstrap,FH1aVetOoulPGqgYukj0VE0wIhDy90WiQoV3U2PeY44,joined,
f_EcJ8tYOFYjBMCIi-dlmzg8AiWZ2hELrXRFWPKCv9I,f_EcJ8tYOFYjBMCIi-dlmzg8AiWZ2hELrXRFWPKCv9I,66837273086,weaversnodes.info,443,https,true,10,,500000000,true,weavernodes,Owned and operated by f_EcJ8tYOFYjBMCIi-dlmzg8AiWZ2hELrXRFWPKCv9I,FH1aVetOoulPGqgYukj0VE0wIhDy90WiQoV3U2PeY44,joined,
-d9S3ErrYlW1W7ZY_3BBqgbItgSkECClAYq6RSzf5Pc,-d9S3ErrYlW1W7ZY_3BBqgbItgSkECClAYq6RSzf5Pc,50000000000,coinhunterscommunity.xyz,443,https,true,10,,500000000,false,CoinHuntersGateway,Coin Hunters is here.,agYcCFJtrMG6cqMuZfskIkFTGvUPddICmtQSBIoPdiA,joined,
9qCpyPrEL870Ky-BbINIe9EyknKC8s9iYBdxu3XJ1zo,9qCpyPrEL870Ky-BbINIe9EyknKC8s9iYBdxu3XJ1zo,50000000000,karakartal.xyz,443,https,true,10,,10000000,false,Karakartal Gateway,Owned and operated by DTF.,FH1aVetOoulPGqgYukj0VE0wIhDy90WiQoV3U2PeY44,joined,
s8u2SDPNU3ndJdzi-dIwJ6xJyjg4_O_stmWpJfnqQ_0,_OSahxSTffKInVAhPFi1LcLpU41TniKmIdFDZ2ZmI-g,10088938953,akirafudo.online,443,https,true,10,,500000000,false,akirafudo.online,Forewer Ar ƒ∞o Supporter. I am pleased to be here.,FH1aVetOoulPGqgYukj0VE0wIhDy90WiQoV3U2PeY44,joined,
xoXikZTyc5ELIxZPnt9eb_uvErCT0z1dWX6bQsgos_Q,QPDA0lbbp9r4QAdJiFIEjLuLcTnqIKJKY2MEuCZ_4Fc,50000000000,exodusdiablo.xyz,443,https,false,0,,500000000,false,ExodusGateway,Owned and operated by Exodus.,FH1aVetOoulPGqgYukj0VE0wIhDy90WiQoV3U2PeY44,joined,
SN9coZxaKOojVAhbL6179zhjJ16-mQGwV6PAixoyvds,SN9coZxaKOojVAhbL6179zhjJ16-mQGwV6PAixoyvds,70479305646,ainodes.xyz,443,https,true,30,,10000000,true,AINodes,Owned and operated by AINodes.,FH1aVetOoulPGqgYukj0VE0wIhDy90WiQoV3U2PeY44,joined,
lPNnW6NKj2rhgmR80_hVdWlnde6hne4PFUmdAuwVN0U,s-awXpcgJWr8QBB7MY8GZCtvyQ-KlLj9hD-qF9zqBgE,50000000000,zionalc.online,443,https,true,10,,500000000,false,Ziongate,Owned and operated by zionalc from rues community.,FH1aVetOoulPGqgYukj0VE0wIhDy90WiQoV3U2PeY44,joined,
YZiqI0g53KG0ZKgnoBxRKiA06Hsfa5l9P2hucWi8Res,YZiqI0g53KG0ZKgnoBxRKiA06Hsfa5l9P2hucWi8Res,50000000000,eaddaa.website,443,https,true,0,,500000000,false,EDA,eaddaa,FH1aVetOoulPGqgYukj0VE0wIhDy90WiQoV3U2PeY44,joined,
eNSUT_JT0yQgrC6TP4k2IlkO-krjIKzAUgxVPZ58fFI,eNSUT_JT0yQgrC6TP4k2IlkO-krjIKzAUgxVPZ58fFI,73371944851,ar-testnet.p10node.com,443,https,true,10,,500000000,true,p10node,Owned and operated by eNSUT_JT0yQgrC6TP4k2IlkO-krjIKzAUgxVPZ58fFI,FH1aVetOoulPGqgYukj0VE0wIhDy90WiQoV3U2PeY44,joined,
Mm_owPYAjpqu0FgrhsRtKGwEPr8kQCELd52VI-px3dk,Mm_owPYAjpqu0FgrhsRtKGwEPr8kQCELd52VI-px3dk,65524474021,dilsinay.space,443,https,true,10,,500000000,false,dilsinayGateway,RuesCommunity,KG8TlcWk-8pvroCjiLD2J5zkG9rqC6yYaBuZNqHEyY4,joined,
kVJpgmWBj8BLaGB5FHU0LSNaogssItSl-iYFvWqtqjg,ioWWZV97UsAfxhSUey-AMpMIb2URJZiy9wofqhaoy-o,50352750698,arns-gateway.com,443,https,true,95,,500000000,true,ARNS  **100% till Main-Net!!**,Owned and operated by the coolest around. 100% Rewards till Main-Net!,FH1aVetOoulPGqgYukj0VE0wIhDy90WiQoV3U2PeY44,joined,
P6fwzHwY75NIUMIeNNaNIA_T2KeI2UEy2yaLriv81LY,P6fwzHwY75NIUMIeNNaNIA_T2KeI2UEy2yaLriv81LY,64311941880,hazmaniaxbt1.online,443,https,true,10,,500000000,true,hazmaniaxbt,Hello Ar-io  world.,FH1aVetOoulPGqgYukj0VE0wIhDy90WiQoV3U2PeY44,joined,
EUc8hlu2jMeMRC8rF14OMJ8k5jZ9Mu-eAidjw_a5Vtw,tXxfIOujBt1Z6KQUE0gfjPYVOfj8wOaRPN6mWN8Sq08,66689135001,kahvenodes.online,443,https,true,10,,10000000,true,kahve,kahvenodes - April 2024,FH1aVetOoulPGqgYukj0VE0wIhDy90WiQoV3U2PeY44,joined,
BAQYHfwzlL5Fd1w8-fr2Iu0DMUzbgjwV-EM9fTP1Oeg,BAQYHfwzlL5Fd1w8-fr2Iu0DMUzbgjwV-EM9fTP1Oeg,61161419588,cmdexe1.xyz,443,https,true,10,,500000000,true,TestCmdexe,Waiting 8 February,FH1aVetOoulPGqgYukj0VE0wIhDy90WiQoV3U2PeY44,joined,
LY89WeNXvTn_NFT-KVV6HPcPVB5qpSq1ug25TScwlq0,LY89WeNXvTn_NFT-KVV6HPcPVB5qpSq1ug25TScwlq0,65751323201,mustafakaya.xyz,443,https,true,10,,500000000,true,RuesGateway,RuesCommunity,FH1aVetOoulPGqgYukj0VE0wIhDy90WiQoV3U2PeY44,joined,
MTMnfoaDDyFBPy_YV2cVuVU3xEsryGhA9bZDxNVh5_U,MTMnfoaDDyFBPy_YV2cVuVU3xEsryGhA9bZDxNVh5_U,56147867038,arbr.pro,443,https,true,85,,10000000,true,ArBR,Brazilian gateway,FH1aVetOoulPGqgYukj0VE0wIhDy90WiQoV3U2PeY44,joined,
ZNsUG7VnUdL8-jAChetRPbGwfwD4RFDU1_jA0bsFzLc,nviPEdO-TjGII1_l-RFXe_CvwVBFdCPwnOcxuIrFke4,12119968421,ario.dasamuka.xyz,443,https,true,10,,10000000,true,dasamuka,say something,FH1aVetOoulPGqgYukj0VE0wIhDy90WiQoV3U2PeY44,joined,
lk2W8J5mj9JDpl22p1WMC05gD7EqWJZbbAgOAswC9xk,lk2W8J5mj9JDpl22p1WMC05gD7EqWJZbbAgOAswC9xk,66555616063,arweave.fllstck.dev,443,https,true,15,,500000000,true,Fllstck Arweave Gateway,A serverless gateway.,FH1aVetOoulPGqgYukj0VE0wIhDy90WiQoV3U2PeY44,joined,
JVTJPRU5jqrz3YT25pl1L_zJdviOsHsZn1Bhs5O7czc,JVTJPRU5jqrz3YT25pl1L_zJdviOsHsZn1Bhs5O7czc,50708786979,spectre01.site,443,https,true,10,,500000000,true,spectre01.site,spectre01.site,FH1aVetOoulPGqgYukj0VE0wIhDy90WiQoV3U2PeY44,joined,
MbhsuZPSdKKs1L4YOP13Zn-dTmreN2WDL5PWvhPRnOM,KIKTIu5w9nEB94W1xBAI1dqYRuJofcMqos7VgTqhecE,72684292698,snafyr.xyz,443,https,true,10,,10000000,true,Snafyrusgate,Owned and operated by snafyr.,FH1aVetOoulPGqgYukj0VE0wIhDy90WiQoV3U2PeY44,joined,
hhdY1RAnResVM9EE4hLqg_EKjeufOycH2G_Fifc9oIk,hhdY1RAnResVM9EE4hLqg_EKjeufOycH2G_Fifc9oIk,63061887937,meocon.store,443,https,true,10,,500000000,true,meocon,Owned and operated by hhdY1RAnResVM9EE4hLqg_EKjeufOycH2G_Fifc9oIk,FH1aVetOoulPGqgYukj0VE0wIhDy90WiQoV3U2PeY44,joined,
R3M-B9MxQroHoAzY7-Xeikxit2-s6f3WY927CgvJsh8,R3M-B9MxQroHoAzY7-Xeikxit2-s6f3WY927CgvJsh8,64067142418,kuantum.cloud,443,https,true,10,,500000000,false,Kuantum Chiper,Owned and operated by JoeKarim.,FH1aVetOoulPGqgYukj0VE0wIhDy90WiQoV3U2PeY44,joined,
arn_Hkv7mwX1HALJktsiaYg_bXc5aBeddicvVf6pla4,bX1vTwLZ9syc3S7ynNovsy-1-3Ko66Vc7hGSa-SNU0U,50000000000,oshvank.site,443,https,true,10,,500000000,false,OshVanK,OshVanK TRTeaM,FH1aVetOoulPGqgYukj0VE0wIhDy90WiQoV3U2PeY44,joined,
_ttK1ZoUgkOWoHJ5Rzq_tM6PAw6Jd7_nSt7DKlF0UCc,YR3WxH9dhUJkmzRCSIYPU8ACKLcK3GYtCRF4UwDMc7o,61000392748,ar.satoshispalace.casino,443,https,true,0,,10000000,false,Satoshi's Palace üè∞,Owned and operated by Satoshi's Palace üè∞  Take the gamble on Satoshi's Palace Gaming, Casino, and Sportsbook on Secret Network and AO! @SatoshisPalaceX  https://satoshispalace.casino,FH1aVetOoulPGqgYukj0VE0wIhDy90WiQoV3U2PeY44,joined,
XX4ssz8MKbXvbVXhBRl84TWDDwkkme96lMkjpL7IpXs,Znv2u5mU0jGQuQLaC_Va8Hallz6bvI_qRKU3lAjTurs,63207945858,kingsharaldoperator.xyz,443,https,true,10,,500000000,true,RCGateway,.kingsharald | RuesCommunity ,FH1aVetOoulPGqgYukj0VE0wIhDy90WiQoV3U2PeY44,joined,
-qFD1MII0PtppZqaeqqniDS8taYZp9Kw84amFDHAB-Q,-qFD1MII0PtppZqaeqqniDS8taYZp9Kw84amFDHAB-Q,50000000000,araoai.com,443,https,true,10,,500000000,false,araoai.com,Owned and operated by -qFD1MII0PtppZqaeqqniDS8taYZp9Kw84amFDHAB-Q,FH1aVetOoulPGqgYukj0VE0wIhDy90WiQoV3U2PeY44,joined,
vBDC_yCsXY9KrM4nFy_ngR2aN75F85650lJZnWH5tEU,vBDC_yCsXY9KrM4nFy_ngR2aN75F85650lJZnWH5tEU,60524294810,beyzako.xyz,443,https,true,10,,500000000,true,beyzakogateway,beyzako full focusing to Ar-io lauch ,FH1aVetOoulPGqgYukj0VE0wIhDy90WiQoV3U2PeY44,joined,
w_dXSRqIUrIFn8QVRXuiQ25-5qKGDFNliIztzCa8PMY,w_dXSRqIUrIFn8QVRXuiQ25-5qKGDFNliIztzCa8PMY,65024464436,stilucky.top,443,https,true,5,,10000000,false,stilucky.top,Owned and operated by w_dXSRqIUrIFn8QVRXuiQ25-5qKGDFNliIztzCa8PMY,FH1aVetOoulPGqgYukj0VE0wIhDy90WiQoV3U2PeY44,joined,
kLHIDlU5C1jmYGfa-3sH0b4cpZDQNgqMrO43KtTpztk,6pvf3eCf70M1QrgXMt78ZCYPNsBOG4kvWijh0Q2KOCQ,52559867490,slatrokh.xyz,443,https,true,10,,500000000,false,SlatroGate,Slatro - RuesCommunity,FH1aVetOoulPGqgYukj0VE0wIhDy90WiQoV3U2PeY44,joined,
UejpsMGr8KfrhgSw4WSjC7Wq3fi2a_IHQA12WsRIXgI,p0SKW3ckUsesotR01sBUSdv82Bb1TJ4HgPbYIBg8s18,50000000000,auquis.xyz,443,https,true,10,,500000000,false,auquis,Owned by auquis,FH1aVetOoulPGqgYukj0VE0wIhDy90WiQoV3U2PeY44,joined,
B7GBgydZrOHM3iiP-TJFwwYDsg0_11KkyYfMey7Njz0,JDOO9n-EHT5Y5JQZjUQEV28xGFxUqjhGOHiu1sKGA1o,55000000000,arweaveblock.com,443,https,true,30,,500000000,false,ThomasBlock.io,Owned and operated by B7GBgydZrOHM3iiP-TJFwwYDsg0_11KkyYfMey7Njz0,FH1aVetOoulPGqgYukj0VE0wIhDy90WiQoV3U2PeY44,joined,
3Gr4shi-MU94pPC1g3vlMPPl39gffOoZwAcJd8UBtcQ,3Gr4shi-MU94pPC1g3vlMPPl39gffOoZwAcJd8UBtcQ,66609308683,berso.store,443,https,true,20,,50000000,false,OgGateway,The OgGateway was created with the help of Ruesandora.,FH1aVetOoulPGqgYukj0VE0wIhDy90WiQoV3U2PeY44,joined,
o5V1bdIoJsoMnzB7HZ15yJPwgW05ytGyCjpkDxNhCAE,o5V1bdIoJsoMnzB7HZ15yJPwgW05ytGyCjpkDxNhCAE,69535445270,adora0x0.xyz,443,https,true,30,,10000000,true,ADORA gateway,Owned and operated by ADORA.,FH1aVetOoulPGqgYukj0VE0wIhDy90WiQoV3U2PeY44,joined,
rXPWGA_Y6XiGBWgSGSCjUZ6VFf-S8hVv-jXl03vOJpg,rXPWGA_Y6XiGBWgSGSCjUZ6VFf-S8hVv-jXl03vOJpg,50000000000,ar.phuongvusolution.com,443,https,true,10,,500000000,false,PVSOLUTION,Trusted POS Validator,FH1aVetOoulPGqgYukj0VE0wIhDy90WiQoV3U2PeY44,joined,
VGbEhp5cXN5ZoplYZoG6amce2jqVPqY4zzJPzS3GatE,-14ZDlxWLcg2X34LMJZ-yFlaQF8ZVqsFf27Ajcd7mXQ,68934429246,adaconna.top,443,https,true,10,,500000000,true,Adaconna,Adaconna_node runner,FH1aVetOoulPGqgYukj0VE0wIhDy90WiQoV3U2PeY44,joined,
zFBm5PN2a8AFoDivZ4cBOmspBiENWBdXz15rEXpGxC4,zFBm5PN2a8AFoDivZ4cBOmspBiENWBdXz15rEXpGxC4,62339212722,arioarioario.online,443,https,true,10,,500000000,false,yasingateway,Owned and operated and ruescommunity.,FH1aVetOoulPGqgYukj0VE0wIhDy90WiQoV3U2PeY44,joined,
gvNpPcsDbFvF-Wn-BymQLb3CbGYmh4L_8F2jp9QM7oQ,gvNpPcsDbFvF-Wn-BymQLb3CbGYmh4L_8F2jp9QM7oQ,11621671252,tefera.online,443,https,true,10,,500000000,false,Tefera Permagate,Owned and operated by DTF.,FH1aVetOoulPGqgYukj0VE0wIhDy90WiQoV3U2PeY44,joined,
TlZUBXVaCY5mvVX4IUjFR3FcMhkmnTAWikzuWlAc5_M,TlZUBXVaCY5mvVX4IUjFR3FcMhkmnTAWikzuWlAc5_M,63346986702,ozzcanx.xyz,443,https,true,10,,10000000,false,OzzcanxGateway,RuesCommunity,FH1aVetOoulPGqgYukj0VE0wIhDy90WiQoV3U2PeY44,joined,
N4HVVOhay6IC6LtvJRe7nxncfM492IUan6-fKzfbGsE,b3JpfwOOSn3enULf-rd3SbVKlC06FDD_AsgkCXgjiik,70589198331,ariospeedwagon.com,443,https,true,25,,500000000,true,Ario Speedwagon,Owned and operated by Strommy,FH1aVetOoulPGqgYukj0VE0wIhDy90WiQoV3U2PeY44,joined,
GDL0N8-lY37pbq_jyMJ6PQrYcHYB7B_IX1Ddt0zlW1E,GDL0N8-lY37pbq_jyMJ6PQrYcHYB7B_IX1Ddt0zlW1E,50000000000,astrocosmos.website,443,https,true,0,,500000000,false,cann,Owned and operated by cann.,FH1aVetOoulPGqgYukj0VE0wIhDy90WiQoV3U2PeY44,joined,
qhjZBMNa8EDTb8WaZwJ9vwVgiFbX9VmVmd7S7x80-BI,qhjZBMNa8EDTb8WaZwJ9vwVgiFbX9VmVmd7S7x80-BI,50000000000,ar.noddex.com,443,https,true,95,,500000000,false,NODDEX,Owned and operated by qhjZBMNa8EDTb8WaZwJ9vwVgiFbX9VmVmd7S7x80-BI,FH1aVetOoulPGqgYukj0VE0wIhDy90WiQoV3U2PeY44,joined,
qzHXDqnL-1RoWPk9j_C_XkVPIcb4aRmbl7CWe56WVdA,ZPzsLn2C4f6aRwEydPfyOdJuIlJ6xDmlhwJXZPfi2Is,51333554414,alicans.online,443,https,true,10,,500000000,false,alicansGate,owned by alicans,FH1aVetOoulPGqgYukj0VE0wIhDy90WiQoV3U2PeY44,joined,
ghGftRJ6mcBSqL1g9b4DIfqs4tbD4CuDXtAZaYRSzDs,ghGftRJ6mcBSqL1g9b4DIfqs4tbD4CuDXtAZaYRSzDs,60595333338,wenairdropsir.store,443,https,true,10,,500000000,false,aleko0ogateway,AliErcan#4551 RuesCommunity,FH1aVetOoulPGqgYukj0VE0wIhDy90WiQoV3U2PeY44,joined,
BIa3UE0QEPRJC4HBSU252qHtA8ZOR4ClnzBq1LZQ_WU,EwL5_Ta1EBqtwz5bKnr2WETdyCsJiv88S3aHOwEaws0,50000000000,ar.qavurdagli.xyz,443,https,true,10,,10000000,false,qavurdagli gateway,owned by qavurdagli,FH1aVetOoulPGqgYukj0VE0wIhDy90WiQoV3U2PeY44,joined,
lCzTnlf_Xmi0I0CTtsZgCI-aljcf4L0H8GcrddkDH7Y,Y-OXP98Mk-BEtHpa8aryg1gVGaqNtfnwJltGCfoZKTw,50000000000,ar.riceinbucket.com.tr,443,https,true,10,,10000000,false,mandrin,Owned by mandrin,FH1aVetOoulPGqgYukj0VE0wIhDy90WiQoV3U2PeY44,joined,
s4JPHqCNvdVspEYm_BGd8SIRzVvsj9e4bMFcSnnRG5Q,gwxL4rhuBjkYws7vfoLh7M1PcKuRGOS4OSG3eXrAaYo,82295584034,gateway.ao,443,https,true,15,,10000000,true,HODOR,This Gateway is Guarded and Operated by HODOR,FH1aVetOoulPGqgYukj0VE0wIhDy90WiQoV3U2PeY44,joined,
h87HVSyMj3jab9GwOYQd2ZYVARcF5EJTUuXHybD_E3E,h87HVSyMj3jab9GwOYQd2ZYVARcF5EJTUuXHybD_E3E,50000000000,selcuk.store,443,https,true,10,,500000000,false,slck,fenerbahce.,FH1aVetOoulPGqgYukj0VE0wIhDy90WiQoV3U2PeY44,joined,
PE0gBR0wwHlNA4k4He0K3iYc-EKPqjgm7dG65T9pNiw,oULZ-a6hi4a0mhbN-AaqEWHzyOMY4ghIxfCIA_F44ns,51610279304,erenynk.xyz,443,https,true,10,,10000000,false,yanksgateway,I was lightning..,FH1aVetOoulPGqgYukj0VE0wIhDy90WiQoV3U2PeY44,joined,
Uaoupy6sDb-7GAZJ5dhl5EbUX6C45DFogjkqPRU_G-8,Uaoupy6sDb-7GAZJ5dhl5EbUX6C45DFogjkqPRU_G-8,50000000000,zerolighta.online,443,https,true,10,,10000000,false,Onlyzero,test node,FH1aVetOoulPGqgYukj0VE0wIhDy90WiQoV3U2PeY44,joined,
SPBqEhHPEitm3lcLwepcXRHEbRCW82G3juwR99rK5I8,SPBqEhHPEitm3lcLwepcXRHEbRCW82G3juwR99rK5I8,50000000000,coshifter.xyz,443,https,true,10,,10000000,false,My intro,Money in the bank.,FH1aVetOoulPGqgYukj0VE0wIhDy90WiQoV3U2PeY44,joined,
j8VAEWC-Vbg24HSgP7Y6lYpsuzus_af3b9AI_Wf7CrA,j8VAEWC-Vbg24HSgP7Y6lYpsuzus_af3b9AI_Wf7CrA,68482974540,nodetitan.site,443,https,true,10,,500000000,true,Nodetitan,Owned and operated by j8VAEWC-Vbg24HSgP7Y6lYpsuzus_af3b9AI_Wf7CrA,FH1aVetOoulPGqgYukj0VE0wIhDy90WiQoV3U2PeY44,joined,
WEbn8SoCyjiRBEoV2JMV_F9SjW2aICHbBxVnJfyshb4,WEbn8SoCyjiRBEoV2JMV_F9SjW2aICHbBxVnJfyshb4,71372841364,nodechecker.xyz,443,https,true,10,,500000000,false,Roby,The greatest liberation we can experience is from the slavery we impose on ourselves. We are slaves to ourselves and our sins..,FH1aVetOoulPGqgYukj0VE0wIhDy90WiQoV3U2PeY44,joined,
PknxsIAYcyz0bgHOpH8W_IjDFBUYBLjvXezEDN_mze0,PknxsIAYcyz0bgHOpH8W_IjDFBUYBLjvXezEDN_mze0,61850262886,zkarther.site,443,https,true,10,,500000000,true,zkarther,zkarther here,FH1aVetOoulPGqgYukj0VE0wIhDy90WiQoV3U2PeY44,joined,
-C5AiYcMmrOFHrnQwhJg1Xtzhz23T0zNB0ACge1otHs,dF3CbiIz03iYEU2ldxnZDPClnmY69aF1DZC816TWfOk,61305433910,aralper.xyz,443,https,true,10,,10000000,false,aralper Gateway,aralper,FH1aVetOoulPGqgYukj0VE0wIhDy90WiQoV3U2PeY44,joined,
KlJUM2TsHgUI1Ih-OsorF-UpxND21amAEltukFvotTo,KlJUM2TsHgUI1Ih-OsorF-UpxND21amAEltukFvotTo,66701850379,prowsemre.online,443,https,true,10,,500000000,false,prowsemregateway,Southampton Till I Die,FH1aVetOoulPGqgYukj0VE0wIhDy90WiQoV3U2PeY44,joined,
D3ptaecv8R0f1KsOmzXids-LRfkdOsxir7v6hOigHGQ,D3ptaecv8R0f1KsOmzXids-LRfkdOsxir7v6hOigHGQ,50000000000,campnodes.xyz,443,https,true,10,,10000000,false,Victory,Node Tester,FH1aVetOoulPGqgYukj0VE0wIhDy90WiQoV3U2PeY44,joined,
BSclf0eS9c0OSc2rrNi0O9GFx9RRcyuX8YP60xolHLU,hLRzRWWiLMHaTKLJtL6vhzE-emNqHWLjdJB5C61BzQc,70828770325,mygeto.online,443,https,true,10,,500000000,true,isoGateway,komado413112 | r.c,FH1aVetOoulPGqgYukj0VE0wIhDy90WiQoV3U2PeY44,joined,
GY0MysWAv83ANosil942egXtxMxxlAPEiI1LFF5hxjA,GY0MysWAv83ANosil942egXtxMxxlAPEiI1LFF5hxjA,59065547666,0xknowledge.info,443,https,true,5,,20000000,false,0xKnowledgE,GOD.,FH1aVetOoulPGqgYukj0VE0wIhDy90WiQoV3U2PeY44,joined,
nciZP16-8Cy_XTLI5v4xt3s-rDsP4vDOzIfqbocqorw,FIrnZ27Rc-zVKv7C5stOcj0dP9Im3GpGlHlWyfizaEY,12895370438,dtractusrpca.xyz,443,https,true,10,,500000000,true,Dtractus GateWay,RuesCommunity,FH1aVetOoulPGqgYukj0VE0wIhDy90WiQoV3U2PeY44,joined,
nHTutCF0xhWyEfDZKXEBaOzMQEJ6rd5Y6stAMI4EB_k,8kmjGxbITBZLAAoUmkmFWE3GiU1-qZTMA53ffCw_D-w,56121937403,0xkullanici.online,443,https,true,10,,500000000,false,0xkullanici Gateway,0xkullanici | RuesCommunity,FH1aVetOoulPGqgYukj0VE0wIhDy90WiQoV3U2PeY44,joined,
ELNfYA5smn50JSL7Na0RBy9122pUR-nk3zcl-MR5D6s,AKrUq5P7QTen61HrrR28a5Bt-c7W4haUoA-WsVbutPU,76604157933,flechemano.com,443,https,true,5,,500000000,true,flechemano,This is the GateWay!,FH1aVetOoulPGqgYukj0VE0wIhDy90WiQoV3U2PeY44,joined,
F3_DMBJqgFJig5NqnKWKw3krNdk1bifNdyacdZ3QMac,BYtx5jr81Kwx07LPf4QyrOlIYB3RTY8doE97ca8uHkw,59872830841,kabaoglu.store,443,https,true,10,,500000000,false,0xik Gateway,Owned and operated by 0xik,FH1aVetOoulPGqgYukj0VE0wIhDy90WiQoV3U2PeY44,joined,
YMMU4U8YGp7T8bBwB97OYK5AXs_2LzaLaI4O-i69Fbc,43MOWh1szEa7bRbhpcDIKcC1RMBdyzb5UZcWEC54hCM,50000000000,kazazel.xyz,443,https,true,10,,500000000,false,Kazazel,Own,FH1aVetOoulPGqgYukj0VE0wIhDy90WiQoV3U2PeY44,joined,
36Ar8VmyC7YS7JGaep9ca2ANjLABETTpxSeA7WOV45Y,07n1rt8lyiFxtdutvO9fyKH7Lbrb2OeHwUxcjVdWqzA,75727541417,frostor.xyz,443,https,true,15,,500000000,true,IDeployedTooSoon,TFW you deploy too soon but now it's permanent,FH1aVetOoulPGqgYukj0VE0wIhDy90WiQoV3U2PeY44,joined,
VX3NBtiO9SAsAEOrCRzkOlcKWoU5Eqs2l4JKV2AEcwA,VX3NBtiO9SAsAEOrCRzkOlcKWoU5Eqs2l4JKV2AEcwA,65154894832,rikimaru111.site,443,https,true,10,,500000000,true,rikimaru111,rikimaru111.site/ar-io,FH1aVetOoulPGqgYukj0VE0wIhDy90WiQoV3U2PeY44,joined,
cTAjCmyteUycFexytR8s8xJ8y6UhYjN6qNFTqVXny-c,GdRDFeXGzkOf1TQHp2Lpo96rLmQURQKTyzkD_XBnMxk,10000000000,mulosbron.xyz,443,https,true,10,,500000000,false,mulosbron,node runner github.com/mulosbron,FH1aVetOoulPGqgYukj0VE0wIhDy90WiQoV3U2PeY44,joined,
VRJxKTG_elvmu6ph7bA2ZDvBTRXoS4NJjQCkFUuJVhM,VRJxKTG_elvmu6ph7bA2ZDvBTRXoS4NJjQCkFUuJVhM,63355104195,crbaa.xyz,443,https,true,10,,10000000,false,crbaa,Crbaa is here,FH1aVetOoulPGqgYukj0VE0wIhDy90WiQoV3U2PeY44,joined,
k5GhUmInR23Jt0I14A_EMFAtFHBCRSZyN7Ibr_2cY-k,ehsTBLZY2uQnj4KD9zBBPVFleNa3QMxpbc0EdglEEW0,50000000000,ar.kiranli.xyz,443,https,true,10,,15000000,false,Kiranli,Kiranli Node,FH1aVetOoulPGqgYukj0VE0wIhDy90WiQoV3U2PeY44,joined,
qJU-4reunu8JdPHrzCL2eH_vsyU_kljRcFWDgR8s-tU,vAyn6mnxAsGvRYLQpkNWDLC6Lq-0SHZSvFEdPNe3iJQ,50000000000,ar.taskopru.xyz,443,https,true,10,,15000000,false,Taskopru,Taskopru GW,FH1aVetOoulPGqgYukj0VE0wIhDy90WiQoV3U2PeY44,joined,
JVTzls8_vGow74rbTILPmFqIYIgvTR67MhwXqHdBBk0,JVTzls8_vGow74rbTILPmFqIYIgvTR67MhwXqHdBBk0,10000000000,ar.alwaysbedream.dev,443,https,true,25,,100000000,false,AlwaysBeDream,Owned and operated by @0xAlwaysbedream,FH1aVetOoulPGqgYukj0VE0wIhDy90WiQoV3U2PeY44,joined,
Zwh1vYmwfbESP9-rXVXiNS8Ix0MEsUw5GSiObwkVEDE,Zwh1vYmwfbESP9-rXVXiNS8Ix0MEsUw5GSiObwkVEDE,59040011209,khang.pro,443,https,true,10,,100000000,true,KhangNguyenVNB,Khang Nguyen from VNBnode (VietNam community) https://t.me/VNBnodegroup üòÅ,FH1aVetOoulPGqgYukj0VE0wIhDy90WiQoV3U2PeY44,joined,
Ie2wEEUDKoU26c7IuckHNn3vMFdNQnMvfPBrFzAb3NA,Ie2wEEUDKoU26c7IuckHNn3vMFdNQnMvfPBrFzAb3NA,11399562906,pentav.cloud,443,https,true,10,,50000000,false,Pentav Gate,Owned and operated by Kent Arok.,FH1aVetOoulPGqgYukj0VE0wIhDy90WiQoV3U2PeY44,joined,
1erDIhwoWtE_1kCV6Ouc4cXEWfpEY9JfMNJdI9Op0-0,l-AzgD1GbeP9L2zHakpD0dvbfBivM_EpIQkG6zNT-h8,66542505873,yukovskinode.online,443,https,true,10,,100000000,false,YukovskiNode,YukovskiNode,FH1aVetOoulPGqgYukj0VE0wIhDy90WiQoV3U2PeY44,joined,
5wseWFMo4M1BsCJ_lxIU1bbLH7vMTL-SImx_x7eeCYM,xiFJ6gGruLGfOrx3tlsQc4pjKVvwDEaDAX3_Zq0J_yE,68382433094,redwhiteconnect.xyz,443,https,true,10,,500000000,true,Redwhite,Hello world hello RuesCommunity,FH1aVetOoulPGqgYukj0VE0wIhDy90WiQoV3U2PeY44,joined,
lW2pPPuNPbkttMags2pNO3nuovyYevUqh-bNk9DyaNo,ym6oz_dHstIl56t0TPsHpaw6Iusr4w99QxAvJG5zGtA,68752678921,ar-arweave.xyz,443,https,true,10,,10000000,true,Garcia,Owned by Garciaüê¶,FH1aVetOoulPGqgYukj0VE0wIhDy90WiQoV3U2PeY44,joined,
1H7WZIWhzwTH9FIcnuMqYkTsoyv1OTfGa_amvuYwrgo,1H7WZIWhzwTH9FIcnuMqYkTsoyv1OTfGa_amvuYwrgo,250363957493,permagate.io,443,https,true,95,,10000000,true,Permagate,Owned and operated by DTF.,FH1aVetOoulPGqgYukj0VE0wIhDy90WiQoV3U2PeY44,joined,
X0DKu11docURUSsyqSwO7elFbHBpxAzJI6GnlA66U2U,X0DKu11docURUSsyqSwO7elFbHBpxAzJI6GnlA66U2U,10757159356,treex.site,443,https,true,10,,500000000,false,Treexyz Permagate,Owned and operated by DTF.,FH1aVetOoulPGqgYukj0VE0wIhDy90WiQoV3U2PeY44,joined,
lKV8q3FaFKGL4bYkszchbB075LkyDsJ5gR8ia8yAHSc,UJZio4XTcuE59RKs9DCItIKO26PnpN-vYmi26MbnB9c,58998380904,parafmax.site,443,https,true,5,,500000000,false,parafmax,Owned and operated by DTF.,FAGKkxtbCRYQwkOH5UBNgNaMvvONCp2jdiI8nrkreYg,joined,
QGLLO6zhAHMzZ3j8WnZFJA6DA1S9nICQ1oEd9HmWRqM,QGLLO6zhAHMzZ3j8WnZFJA6DA1S9nICQ1oEd9HmWRqM,63437090137,barburan.site,443,https,true,5,,10000000,false,bburan,Owned and operated by DTF Rues,FH1aVetOoulPGqgYukj0VE0wIhDy90WiQoV3U2PeY44,joined,
HDN0eMb4OpTNAMeClQknzw0S_b9fMGnAaYBGwTWvGFk,lrC7HgxvC9G2p_GkmkeP0AlINtaqwqYERxdXbLyojVo,66724810357,devkral.xyz,443,https,true,10,,500000000,true,devkralgate,RuesCommunity.,FH1aVetOoulPGqgYukj0VE0wIhDy90WiQoV3U2PeY44,joined,
SW8tGWp-4B9l5y27OltWLIlDdCO72bhPL1UW-mLsU3k,GBTt6TFAM1-jKB98FkYHi2sncalk7Misv4ihbvl_CKw,50000000000,ario-testnet.us.nodefleet.org,443,https,true,10,,500000000,false,Nodefleet.org,Nodefleet.org is a Web3 blockchain and node running company focused on delivering value for investors/builders on multi-chain ecosystems providing top quality engineering and quality infrastructure around all of its products.,FH1aVetOoulPGqgYukj0VE0wIhDy90WiQoV3U2PeY44,joined,
KhX4ymYGPdOgq_5SbDBIHcPj7EI3JMW4xxp60y45zuY,KhX4ymYGPdOgq_5SbDBIHcPj7EI3JMW4xxp60y45zuY,11963335041,yolgezer55.xyz,443,https,true,10,,500000000,true,RuesCommunitty,Owned and operated by DTF.RuesCommunity,FH1aVetOoulPGqgYukj0VE0wIhDy90WiQoV3U2PeY44,joined,
1DkiG-bX-EnXBHtIYnBPLHXLLUQtTZiw9qgMgRrnahA,a-s4o4rNJzG_Wcwg0cVRsOYIVkXmGyIgc7NzMyr1H70,68000000000,thecoldblooded.store,443,https,true,0,,500000000,false,thecoldbloodedGateway,Owned and operated by thecoldblooded.,FH1aVetOoulPGqgYukj0VE0wIhDy90WiQoV3U2PeY44,joined,
YcPEBPK-oS5IUxtVgICcl3DdfhfVJfui5LkBss805SQ,YcPEBPK-oS5IUxtVgICcl3DdfhfVJfui5LkBss805SQ,67156235763,elessargateway.xyz,443,https,true,10,,500000000,false,ElessarGateway,Owned and operated by elessar referred and guided by Ruesandora.,FH1aVetOoulPGqgYukj0VE0wIhDy90WiQoV3U2PeY44,joined,
A10QqEe82AfWpQrIqbANJMQ5rivDEsSmxIVuX8W1-94,H2Th3ijBQZEM_8CMIRqshbaUSyyax_ejnRDBqyp7WAc,60000000000,bambik.online,443,https,true,10,,500000000,false,digitclone Gateway,operated by digitclone,FH1aVetOoulPGqgYukj0VE0wIhDy90WiQoV3U2PeY44,joined,
SzKVrTQxkKnjR7vElct7Wn7FyVk1X8KBHRrdtiW7sLs,SzKVrTQxkKnjR7vElct7Wn7FyVk1X8KBHRrdtiW7sLs,60455270515,ar.vnnode.com,443,https,true,95,,500000000,false,VNNODE,VNNODE is the professional validator, infrastructure provider and IBC relayer.,FH1aVetOoulPGqgYukj0VE0wIhDy90WiQoV3U2PeY44,joined,
xXtdcExIgBtZ6HZpOLDcNcbq_EH89PhDXWaqAK4rjyk,xXtdcExIgBtZ6HZpOLDcNcbq_EH89PhDXWaqAK4rjyk,50000000000,maplesyrup-ario.my.id,443,https,true,10,,500000000,false,MapleSyrup,Rawrr,FH1aVetOoulPGqgYukj0VE0wIhDy90WiQoV3U2PeY44,joined,
DEUmufcdFxLrOvtrqA6tclU3WUWdfx7sQyCqL6Tfhzw,DEUmufcdFxLrOvtrqA6tclU3WUWdfx7sQyCqL6Tfhzw,50000000000,ar.owlstake.com,443,https,true,10,,500000000,false,owlstake.com ü¶â,Owned and operated by owlstake.com ü¶â.,FH1aVetOoulPGqgYukj0VE0wIhDy90WiQoV3U2PeY44,joined,
qNPdvpt_iC1f3uRfmh5GPpwMPRNujWdddb7M9gWlkDU,E6Tap-FNmyNF3B57zO8QZ2DnG_r2oTnN0qMcFy7-aPg,56651536341,baharyazlikmdbaraba.xyz,443,https,true,10,,500000000,false,baharyazlikmdbaraba.xyz ,Owned and operated by DTF.,FH1aVetOoulPGqgYukj0VE0wIhDy90WiQoV3U2PeY44,joined,
O94QpUJ4oZ8gXlAJMV_xcigO9VyD3Kgf_wI7hTo6SGM,NaBkbS6-G8f8jMTJvtXC1uillcoIKGKwu2nBPRnzCcM,10000000000,arweave.auduge.com,443,https,true,0,,500000000,false,Audug√©'s Gateway,Your french favorite gateway! üá´üá∑,FH1aVetOoulPGqgYukj0VE0wIhDy90WiQoV3U2PeY44,joined,
9oqMfuQWZ6QNPzu4ZZcXCQuD6SVFtUK7hbxOmlfrWpI,W9VN2kEtytpzj0wn-izbIbUE2yx9bvQ8_ftMyBOx_I0,51000000000,aksamlan.xyz,443,https,true,10,,500000000,false,Husogate,RuesCommunity Here.,FH1aVetOoulPGqgYukj0VE0wIhDy90WiQoV3U2PeY44,joined,
uF2uiuqQ_ne5gdRi6ORRtgXvnv8oMYB3LhQC6yWwD7c,4n6rkM49G3WdnP5HPYiUTsk5iPZ64ZgSW246wuQWvcI,50000000000,euraquilo.xyz,443,https,false,0,,500000000,false,GKKgateway,Rues Community,FH1aVetOoulPGqgYukj0VE0wIhDy90WiQoV3U2PeY44,joined,
byxIK7PnuVOsbNRKXoYl822pPUdInKgVCHLj2CNw9GE,H3RizJHuKNGu4oXIFjIM3Tzyjd32-_C10ZzNj_2TV5Y,50000000000,testnetnodes.xyz,443,https,true,10,,10000000,false,testnetnodes,RuesCommunity,FH1aVetOoulPGqgYukj0VE0wIhDy90WiQoV3U2PeY44,joined,
L3E3GUG2jN4Lpp64w45e7JWGKxY4dZ3GHSNWdL5ElxI,anlt7hRxdXadd8_EsyBm0rrDBxZ3d1f3FvBZy8uwInw,50000000000,flexiblee.xyz,443,https,true,10,,500000000,false,goylasar,flexibleee,FH1aVetOoulPGqgYukj0VE0wIhDy90WiQoV3U2PeY44,joined,
UdduK9fJ5AgvbHtBH35JtBiNwTSCSsZU6ZEyVeh5o6E,17mzTy5SPpbu9A1Egi5pd0QJY8jgeODG_3NMoRCH7es,61938175445,canduesed.me,443,https,true,10,,500000000,false,CanduesEDGateway,RuesCommunity,FH1aVetOoulPGqgYukj0VE0wIhDy90WiQoV3U2PeY44,joined,
sQ32BruFcrHMjfnr9To0X63WkRq7k-5NWNC865OwX8g,Nb8mitPBZjb31PM8iKEr_cFsp_SOkYTY0ewPJbeiZ78,10040000000,afiq.monster,443,https,true,10,,500000000,false,AfiqHaekal,Kid From Yesterday.,FH1aVetOoulPGqgYukj0VE0wIhDy90WiQoV3U2PeY44,joined,
ciQ7RQ8QPPv3bGoMfN2SlYIr0n8ZDLZ7_aDW-hM9pLQ,ciQ7RQ8QPPv3bGoMfN2SlYIr0n8ZDLZ7_aDW-hM9pLQ,71096160135,vevivoofficial.xyz,443,https,true,20,,500000000,false,vevivogateway,RuesCommunity.,FH1aVetOoulPGqgYukj0VE0wIhDy90WiQoV3U2PeY44,joined,
Hr7TB4EECU0b-1TGUe55bZE374Z6e4FjCu5S-b-KAjk,pUXOHfUdtSXZAMWJpyMqghYvd1z7OtEM4_7lBljglWw,10000138879,vrising.online,443,https,true,10,,10000000,false,VrisingGateway,V is Rising,FH1aVetOoulPGqgYukj0VE0wIhDy90WiQoV3U2PeY44,joined,
SCOKnowXkWX27XM84Tk7gEt7mF24Qfdh5J0J4KKPNLY,RudEuYOzv5GMhaH2orJUWmvN2x4hw5hG53RCwokdDv0,50000000000,skindetect.online,443,https,true,10,,500000000,false,alexxisgateway,ario,FH1aVetOoulPGqgYukj0VE0wIhDy90WiQoV3U2PeY44,joined,
N64vIXjphKRHrciqRafXleT_dJ_PwgYVa-_kdWy1Xpk,N64vIXjphKRHrciqRafXleT_dJ_PwgYVa-_kdWy1Xpk,70007476018,kt10vip.online,443,https,true,10,,500000000,true,KT10VIP,KT10VIP Validator,FH1aVetOoulPGqgYukj0VE0wIhDy90WiQoV3U2PeY44,joined,
6_VgeTao81VT-skokWhOufqplGGSE9pAod4vtxM91SA,b8FjTeLN55rWw9M-Vt6fpUhD1OMsXbdD8g2ta2L9Woo,69592573798,deknow.top,443,https,true,10,,500000000,true,deknow,decentralized knowledge,FH1aVetOoulPGqgYukj0VE0wIhDy90WiQoV3U2PeY44,joined,
NgOdSkrHcK1YvPqWPoTxCpCe2lN7jsBjp9M1oFl-euE,3QRg7MA-nSKqHajBwC2d-nhiF4jSEgLfGTkH2qE8IpM,52458987642,moverzfight.xyz,443,https,true,10,,500000000,false,ErenGateway,RuesCommunity,FH1aVetOoulPGqgYukj0VE0wIhDy90WiQoV3U2PeY44,joined,
cfUh77oKJiuJW6wbAb999RkN-lMKvX00PL0KKbvIz-0,cfUh77oKJiuJW6wbAb999RkN-lMKvX00PL0KKbvIz-0,60189322572,salakk.online,443,https,true,10,,500000000,false,magnetar,rues community,FH1aVetOoulPGqgYukj0VE0wIhDy90WiQoV3U2PeY44,joined,
8y0mX32e2Y_GmGcS59KF4cOmMQZeIu5pSDJ07a7RcbU,tVUJkW50adLrdfpL_qlgH4oo_4Hzsr-gTykWo-WfugU,67937576228,tekin86.site,443,https,true,10,,500000000,true,tekin86,OxHub,FH1aVetOoulPGqgYukj0VE0wIhDy90WiQoV3U2PeY44,joined,
HGKM7G-HuP4nK0cLGW6OxHvJKpt48AX0Wc9M11TET1o,-iiTyYDjrKgST3hiYP9KUQ42BM9KxUBnA14yjXZNPbE,50000000000,aslanas01.xyz,443,https,true,10,,500000000,false,aslangate,The future is moduler.,FH1aVetOoulPGqgYukj0VE0wIhDy90WiQoV3U2PeY44,joined,
dzRxqsh-fXkh2QYogPzsmY59tsNSRZN_fYhjLqFeung,dzRxqsh-fXkh2QYogPzsmY59tsNSRZN_fYhjLqFeung,68243251661,kyotoorbust.site,443,https,true,10,,500000000,true,Noria,Owned and operated by dzRxqsh-fXkh2QYogPzsmY59tsNSRZN_fYhjLqFeung,FH1aVetOoulPGqgYukj0VE0wIhDy90WiQoV3U2PeY44,joined,
5sqfubD1WdH2zrUcdf60uhXTofOjiJBBo3-wvV0z7P8,5sqfubD1WdH2zrUcdf60uhXTofOjiJBBo3-wvV0z7P8,66203888685,jembutkucing.xyz,443,https,true,10,,10000000,false,Jembut test Gateway,Give me feedback about this gateway at my X @aji_lamania,FH1aVetOoulPGqgYukj0VE0wIhDy90WiQoV3U2PeY44,joined,
eUCh-rXyjdTZ5mLqZjs9tN0tVsvEKZoeEJsdnJ8eWTw,kmpsyiI6Mjbb_st3rAeo-Kxz1wljg8uMYA6VNeOFniw,62458937736,stonkson.xyz,443,https,true,10,,500000000,true,velaryongate,Owned and operated by DTF.,FH1aVetOoulPGqgYukj0VE0wIhDy90WiQoV3U2PeY44,joined,
Z7gvVfG9n_AXsCQL9hfpknYQawYR30DFNTuBAzWzoOk,4PgmZnQ_yMpvZKDB-J2whECmHadqSMCDhiTJ2JmPWIo,60000000000,mssnodes.xyz,443,https,true,10,,15000000,false,MSGateway,MSS Community,FH1aVetOoulPGqgYukj0VE0wIhDy90WiQoV3U2PeY44,joined,
2YryiJEk5NF71c4DaSZ3z9jnNRWW4zMuI5icTMrLIIU,QsgPJSZ3rP3S-HDHAVe-tVrgNT-l7TnkQz5cPUa2lIc,10000000000,jaxtothehell.xyz,443,https,true,10,,500000000,false,JaxGateway,RuesCommunity,FH1aVetOoulPGqgYukj0VE0wIhDy90WiQoV3U2PeY44,joined,
Rpc4mjiFROD-MtP_xfb5mJOaGmfsjkJDYyKm-EYjsus,3vylqFL0396F6lBoMPTHzBCqgUtycDb2tJ-vcPOnpY4,53991988582,anaraydinli.xyz,443,https,true,10,,300000000,false,Anaraydinli,RuesCommunity,FH1aVetOoulPGqgYukj0VE0wIhDy90WiQoV3U2PeY44,joined,
YlDY5URaAmLNcg5BfqQHKl6-_tIIuHfp5oPjpaqLX6w,WhPUcmprnJpDjWj7jtSGfBOvD7zc2XZIY-x15hfBwD0,50000000000,maclaurinoo.xyz,443,https,true,10,,500000000,false,Maclaurino Gateway,MHTRUESCT.,FH1aVetOoulPGqgYukj0VE0wIhDy90WiQoV3U2PeY44,joined,
UGm_n-H39zJDxTNnwSfTMCsufjI0nhDAHFEX_JRng74,UGm_n-H39zJDxTNnwSfTMCsufjI0nhDAHFEX_JRng74,54612770020,0xyvz.xyz,443,https,true,10,,500000000,false,0xyvzGateway,Owned and operated by 0xyvz. With the decks of teacher Rues,FH1aVetOoulPGqgYukj0VE0wIhDy90WiQoV3U2PeY44,joined,
ntwC3lnxNkMlmJX44_2sMGATfF4kjiRt2HpsOavB70M,FMV8jsv-NcQ5aZ6fc1JVjeYtkzdIev5wQCRg7GgJZSA,50000000000,arnode.xyz,443,https,true,90,,500000000,false,Arnode,Owned and operated by Catsao,FH1aVetOoulPGqgYukj0VE0wIhDy90WiQoV3U2PeY44,joined,
Wonn3S1gh2YViGk8UCrA2wqD4qcv8Od2llFLUuPpFLc,wWHQ8--0WhZmc2r8qLvVLGElmlBxGgG5WzS0D-5kURk,50500000000,doflamingo.xyz,443,https,true,10,,10000000,false,dofgate,Owned and operated by doflamingo,FH1aVetOoulPGqgYukj0VE0wIhDy90WiQoV3U2PeY44,joined,
WojXXb7UKE7SRy4FPtYCJdFFczUS7q5YaLLX6wYWt3c,0P2hRzXv4WFYtdURAQsB07XI0OKBf4tjGGia6ZxnWxU,60600000000,ioar.xyz,443,https,true,10,,10000000,false,ioarGateway,Owned by Subber<3,FH1aVetOoulPGqgYukj0VE0wIhDy90WiQoV3U2PeY44,joined,
l0iODykz8poPjVJ2HlY-wrnzAHyp_0267w8oGvxECWk,l0iODykz8poPjVJ2HlY-wrnzAHyp_0267w8oGvxECWk,10000000000,loriscant.online,443,https,true,10,,500000000,false,Loris,live gateway Loris,FH1aVetOoulPGqgYukj0VE0wIhDy90WiQoV3U2PeY44,joined,
KwQNbaomlFPvuEuJL1TAJQtqthU-JsJU_qwWD2vifhI,KwQNbaomlFPvuEuJL1TAJQtqthU-JsJU_qwWD2vifhI,62533275900,Phuc.top,443,https,true,5,,500000000,false,Phuc,Run Node For Incentive Community,FH1aVetOoulPGqgYukj0VE0wIhDy90WiQoV3U2PeY44,joined,
wlcEhTQY_qjDKTvTDZsb53aX8wivbOJZKnhLswdueZw,7p90oVDWv8euAJsHHuz8tVw9OBrQdIB8qrOn5YEjiVc,50000000000,vilenarios.com,443,https,false,0,,500000000,false,Vilenarios,A test gateway for ArDrive L2 data,FH1aVetOoulPGqgYukj0VE0wIhDy90WiQoV3U2PeY44,joined,
KG8TlcWk-8pvroCjiLD2J5zkG9rqC6yYaBuZNqHEyY4,IRHn9m9vQF8fGEQ3H8nmDhkQgnLY1b-jXIda4wDW1TU,55349579253,0xsaitomo.xyz,443,https,true,5,,500000000,false,SaitamaGateway,Owned and operated by Saitama.,FH1aVetOoulPGqgYukj0VE0wIhDy90WiQoV3U2PeY44,joined,
PQ8xSukxl8hFgP8wwGQBvCAJpevAmjfNVsH8TORJeEM,PQ8xSukxl8hFgP8wwGQBvCAJpevAmjfNVsH8TORJeEM,51000000000,sametyuksel.xyz,443,https,true,10,,500000000,false,Sametgate,Owned and operated by DTF.RuesCommunity,FH1aVetOoulPGqgYukj0VE0wIhDy90WiQoV3U2PeY44,joined,
XxFP2vIIBlPvBe27tVTebgAtd-r09t5_BMtg_afsmMY,XxFP2vIIBlPvBe27tVTebgAtd-r09t5_BMtg_afsmMY,50000000000,ar-node.megastake.org,443,https,true,10,,500000000,false,Megastake,Owned and operated by Megastake.,FH1aVetOoulPGqgYukj0VE0wIhDy90WiQoV3U2PeY44,joined,
W-is11Lhz1V666jC8xkmxZxTRdFnSzkbvHc1NNsM878,Hph8DTAEy6BoUPL6-4grZH8enG5Vucs8vD22tEnTW1s,57500000000,fisneci.com,443,https,true,10,,50000000,false,Bayurnet,BayurNet,FH1aVetOoulPGqgYukj0VE0wIhDy90WiQoV3U2PeY44,joined,
pFhWK8CgWT9g4D1SF_AhSWah648_B194Ugl2w9mjpWE,6YuXLXYtL1nlV6XdcAKb61P_-t2rnSSnCfIdFqrxcrI,50000000000,mehteroglu.store,443,https,true,10,,500000000,false,mehteroglu,Owned and operated by mali,FH1aVetOoulPGqgYukj0VE0wIhDy90WiQoV3U2PeY44,joined,
MDGK9R_iCloN7l0Mqj2HI0eLvzlB2RBqDu6PB9T0QQk,MDGK9R_iCloN7l0Mqj2HI0eLvzlB2RBqDu6PB9T0QQk,67926429772,node69.site,443,https,true,10,,500000000,true,Node69,Owned and operated by MDGK9R_iCloN7l0Mqj2HI0eLvzlB2RBqDu6PB9T0QQk,FH1aVetOoulPGqgYukj0VE0wIhDy90WiQoV3U2PeY44,joined,
xmZL_bYpc0xK8gubrPxg_5Xc9WcJXJjYXooZSO6Z7dI,xmZL_bYpc0xK8gubrPxg_5Xc9WcJXJjYXooZSO6Z7dI,66731543088,vn-sti.top,443,https,true,5,,10000000,false,Vn-Sti,Owned and operated by xmZL_bYpc0xK8gubrPxg_5Xc9WcJXJjYXooZSO6Z7dI,FH1aVetOoulPGqgYukj0VE0wIhDy90WiQoV3U2PeY44,joined,
T0EdDRDngav9ovQFkgOxp5jh_ZyRF53_Mvzex-wKs4I,T0EdDRDngav9ovQFkgOxp5jh_ZyRF53_Mvzex-wKs4I,10000000000,stevnode.online,443,https,true,10,,500000000,false,Stevards,gateway Stevards,FH1aVetOoulPGqgYukj0VE0wIhDy90WiQoV3U2PeY44,joined,
uQmgimaXSc3qeTYRjiqj9Nx_GHfxdTWMprQuyRawnek,uQmgimaXSc3qeTYRjiqj9Nx_GHfxdTWMprQuyRawnek,50000000000,practicerse.xyz,443,https,true,10,,25000000,false,Tester,Paster,FH1aVetOoulPGqgYukj0VE0wIhDy90WiQoV3U2PeY44,joined,
9my2TT05SwQrk8TCXmASpr3nh_DuEIKh5GicUfn4d-Q,eK90HD3rvvYNzA2sgW_MbYCEvYtUGRAmU6Wpb0qaQw0,50000000000,ivandivandelen.site,443,https,true,10,,500000000,false,IvanDivanDelen,Yabba dabba doo demeye kalmadan Ivan saplar oku,FH1aVetOoulPGqgYukj0VE0wIhDy90WiQoV3U2PeY44,joined,
DubkiWVLcDc1mpE_xlZpnvmjIDbsbjt2pzuFFr_7gs4,S4gDRJrL1l7Z_C64DjY4G4khxTiQF_HCDh5zllDkO6I,51000000000,reetas.xyz,443,https,true,10,,10000000,false,thertlnWay,Owned and operated by DTF.RuesCommunity,FH1aVetOoulPGqgYukj0VE0wIhDy90WiQoV3U2PeY44,joined,
pY1nE1lnn8L_OUKgQnv8H7EvWwCE6AUYtGuTng6l_TI,mCMCx8cHO99Vq7GsLHU8aXGtnpoZ7MX71iFOXGYScg8,50000000000,dwentz.site,443,https,true,10,,500000000,false,hello@dwentz.xyz,we love root,FH1aVetOoulPGqgYukj0VE0wIhDy90WiQoV3U2PeY44,joined,
7DYE7_AtHBW9T98vUuZVkL6mW_ZX8t_GiIGR88Vi25I,7DYE7_AtHBW9T98vUuZVkL6mW_ZX8t_GiIGR88Vi25I,59692085609,chocon.store,443,https,true,10,,500000000,true,chocon|AR,AR from Hue,FH1aVetOoulPGqgYukj0VE0wIhDy90WiQoV3U2PeY44,joined,
3WEXCEfP2jhqUTzo0dgAV1210DB4EQ8U_NNyEZ95IEU,3WEXCEfP2jhqUTzo0dgAV1210DB4EQ8U_NNyEZ95IEU,50652322741,anti-mage01.store,443,https,true,10,,500000000,true,anti-mage01.store,Owned and operated by 3WEXCEfP2jhqUTzo0dgAV1210DB4EQ8U_NNyEZ95IEU,FH1aVetOoulPGqgYukj0VE0wIhDy90WiQoV3U2PeY44,joined,
UpEObT51eu9eHAcyR3_kHgCdJxp97txXkfqcSEjKO9I,pMFXTIJKpybk2yej-iD57ycy3BfAiZgJ9D2CZaFDFrU,62385419798,linaril.xyz,443,https,false,0,,500000000,true,LinaGateway,Rues Community,FH1aVetOoulPGqgYukj0VE0wIhDy90WiQoV3U2PeY44,joined,
osZP4D9cqeDvbVFBaEfjIxwc1QLIvRxUBRAxDIX9je8,osZP4D9cqeDvbVFBaEfjIxwc1QLIvRxUBRAxDIX9je8,57984553723,ruangnode.xyz,443,https,true,95,,10000000,true,ruangnode,Empowering together, building a stronger community,FH1aVetOoulPGqgYukj0VE0wIhDy90WiQoV3U2PeY44,joined,
f3Tb3tt5Ea2rfnopyOqMzE7696NxEaBmZTd2eE3Xrvw,f3Tb3tt5Ea2rfnopyOqMzE7696NxEaBmZTd2eE3Xrvw,50000000000,cyanalp.cfd,443,https,true,10,,500000000,false,cyanalpgateway,ruescommunity.,FH1aVetOoulPGqgYukj0VE0wIhDy90WiQoV3U2PeY44,joined,
d0OAR4PkoUY90PAw39NFty7bG8EFfi8M0ivhDLpnLmA,d0OAR4PkoUY90PAw39NFty7bG8EFfi8M0ivhDLpnLmA,50000000000,svgtmrgl.store,443,https,true,10,,10000000,false,svgtmrgl,Owned and operated by DTF.,FH1aVetOoulPGqgYukj0VE0wIhDy90WiQoV3U2PeY44,joined,
FJYmjg6e3_cZrJO6aUu0PPXfz51-ItpYHer9qIcdrBw,fDMKOqpDZc4StKps1rt0nyaLvAp1vDL4qOrfpklElwg,67362058152,ariogateway.online,443,https,true,10,,10000000,true,AAA ArIO Gateway,AAA gateway services for the ArIO Testnet,FH1aVetOoulPGqgYukj0VE0wIhDy90WiQoV3U2PeY44,joined,
0HOIZX22DQ0Ln8JuYBDavFhP5_XRH8TQx5RvKGAQHFk,_WoBXS3nKO2_dY5ERvM9hr8AONoo3yZAQgrpRMBCeRg,59819627469,sooneraydin.xyz,443,https,true,50,,500000000,true,sooneraydin,Sooner or Later,FH1aVetOoulPGqgYukj0VE0wIhDy90WiQoV3U2PeY44,joined,
_7sJJJ9ea5h7-6ge9OXgqpizgIj9Mocv1dzI-b2aJW8,_7sJJJ9ea5h7-6ge9OXgqpizgIj9Mocv1dzI-b2aJW8,66619693651,nodepepe.site,443,https,true,10,,500000000,true,Nodepepe,Owned and operated by _7sJJJ9ea5h7-6ge9OXgqpizgIj9Mocv1dzI-b2aJW8,FH1aVetOoulPGqgYukj0VE0wIhDy90WiQoV3U2PeY44,joined,
